seq,age
1,28
2,51
3,36
4,42
5,41
6,33
7,23
8,19
9,64
10,61
11,32
12,64
13,36
14,49
15,36
16,50
17,37
18,19
19,57
20,56
21,44
22,30
23,51
24,58
25,30
26,65
27,65
28,44
29,60
30,63
31,20
32,18
33,19
34,63
35,54
36,54
37,20
38,34
39,61
40,26
41,38
42,64
43,46
44,44
45,52
46,60
47,27
48,26
49,21
50,57
51,58
52,29
53,33
54,22
55,53
56,57
57,48
58,40
59,44
60,63
61,39
62,37
63,46
64,58
65,62
66,30
67,19
68,61
69,35
70,38
71,47
72,29
73,26
74,59
75,22
76,25
77,28
78,56
79,28
80,42
81,33
82,59
83,27
84,51
85,25
86,28
87,60
88,59
89,51
90,50
91,36
92,19
93,25
94,31
95,42
96,19
97,39
98,49
99,23
100,61
101,40
102,62
103,36
104,40
105,61
106,54
107,40
108,32
109,27
110,34
111,28
112,23
113,54
114,51
115,40
116,29
117,45
118,21
119,19
120,36
121,25
122,40
123,29
124,19
125,60
126,45
127,61
128,24
129,41
130,37
131,27
132,58
133,36
134,40
135,22
136,28
137,62
138,38
139,29
140,62
141,59
142,32
143,47
144,48
145,44
146,50
147,36
148,22
149,22
150,36
151,61
152,35
153,19
154,50
155,29
156,45
157,50
158,31
159,55
160,19
161,19
162,19
163,27
164,19
165,20
166,53
167,46
168,40
169,51
170,55
171,44
172,18
173,24
174,18
175,47
176,23
177,40
178,56
179,25
180,52
181,47
182,22
183,32
184,22
185,54
186,47
187,29
188,49
189,30
190,21
191,52
192,43
193,32
194,48
195,47
196,60
197,38
198,39
199,25
200,46
201,59
202,25
203,37
204,55
205,53
206,26
207,37
208,18
209,42
210,59
211,53
212,57
213,34
214,19
215,57
216,28
217,45
218,40
219,23
220,20
221,36
222,57
223,56
224,43
225,51
226,29
227,31
228,41
229,60
230,48
231,38
232,45
233,40
234,31
235,24
236,38
237,63
238,51
239,43
240,24
241,33
242,56
243,38
244,35
245,26
246,36
247,29
248,39
249,53
250,33
251,65
252,60
253,56
254,42
255,18
256,18
257,54
258,56
259,64
260,50
261,35
262,34
263,42
264,56
265,21
266,59
267,52
268,62
269,20
270,43
271,27
272,52
273,65
274,38
275,27
276,25
277,21
278,56
279,48
280,50
281,32
282,61
283,43
284,43
285,51
286,22
287,56
288,56
289,45
290,45
291,35
292,52
293,51
294,64
295,45
296,26
297,37
298,21
299,59
300,30
301,22
302,31
303,23
304,34
305,28
306,31
307,47
308,38
309,23
310,37
311,47
312,36
313,62
314,34
315,38
316,24
317,41
318,43
319,38
320,42
321,61
322,33
323,34
324,35
325,35
326,51
327,49
328,29
329,60
330,59
331,38
332,27
333,19
334,28
335,55
336,31
337,22
338,56
339,42
340,48
341,37
342,56
343,36
344,46
345,38
346,58
347,30
348,23
349,20
350,43
351,27
352,18
353,54
354,39
355,37
356,26
357,36
358,37
359,60
360,55
361,49
362,55
363,48
364,32
365,30
366,25
367,60
368,28
369,38
370,22
371,35
372,50
373,43
374,42
375,40
376,27
377,50
378,29
379,65
380,55
381,19
382,21
383,38
384,57
385,35
386,30
387,64
388,40
389,48
390,57
391,63
392,34
393,38
394,18
395,31
396,63
397,23
398,30
399,29
400,50
401,20
402,50
403,20
404,33
405,61
406,31
407,26
408,57
409,64
410,22
411,27
412,41
413,63
414,47
415,50
416,65
417,35
418,36
419,48
420,45
421,61
422,63
423,56
424,34
425,38
426,20
427,28
428,44
429,23
430,29
431,40
432,22
433,28
434,61
435,19
436,24
437,49
438,19
439,45
440,37
441,34
442,37
443,28
444,31
445,23
446,50
447,45
448,33
449,21
450,61
451,29
452,42
453,57
454,63
455,63
456,60
457,33
458,21
459,38
460,65
461,29
462,57
463,49
464,36
465,51
466,59
467,28
468,27
469,19
470,49
471,27
472,52
473,39
474,62
475,19
476,42
477,26
478,29
479,31
480,42
481,29
482,31
483,36
484,18
485,40
486,34
487,64
488,31
489,65
490,44
491,29
492,24
493,46
494,41
495,45
496,50
497,36
498,60
499,54
500,38
501,22
502,57
503,57
504,20
505,23
506,55
507,31
508,21
509,51
510,61
511,34
512,25
513,39
514,63
515,64
516,56
517,55
518,64
519,29
520,47
521,19
522,25
523,35
524,26
525,52
526,53
527,56
528,60
529,59
530,45
531,28
532,58
533,54
534,65
535,41
536,34
537,27
538,44
539,44
540,26
541,42
542,53
543,35
544,50
545,64
546,37
547,44
548,58
549,45
550,61
551,44
552,46
553,38
554,60
555,47
556,58
557,43
558,63
559,25
560,22
561,55
562,18
563,42
564,63
565,53
566,53
567,64
568,51
569,56
570,25
571,19
572,19
573,49
574,50
575,51
576,46
577,40
578,33
579,23
580,63
581,58
582,33
583,45
584,51
585,33
586,59
587,33
588,22
589,21
590,30
591,31
592,31
593,60
594,55
595,46
596,21
597,46
598,28
599,64
600,49
601,22
602,51
603,56
604,62
605,54
606,60
607,60
608,27
609,38
610,39
611,43
612,38
613,21
614,41
615,43
616,62
617,35
618,60
619,36
620,30
621,18
622,23
623,59
624,30
625,33
626,39
627,61
628,35
629,45
630,59
631,54
632,34
633,35
634,49
635,50
636,56
637,31
638,38
639,20
640,50
641,58
642,18
643,26
644,57
645,59
646,56
647,42
648,35
649,29
650,48
651,32
652,50
653,28
654,24
655,49
656,44
657,57
658,23
659,19
660,46
661,49
662,36
663,51
664,60
665,24
666,54
667,51
668,56
669,20
670,54
671,57
672,41
673,25
674,33
675,56
676,63
677,45
678,44
679,45
680,59
681,57
682,59
683,50
684,61
685,52
686,56
687,55
688,19
689,20
690,28
691,18
692,29
693,39
694,39
695,24
696,29
697,22
698,27
699,27
700,21
701,21
702,19
703,18
704,24
705,26
706,21
707,29
708,25
709,31
710,24
711,42
712,51
713,27
714,55
715,52
716,20
717,64
718,35
719,22
720,32
721,28
722,55
723,33
724,36
725,49
726,46
727,49
728,30
729,63
730,54
731,49
732,25
733,30
734,62
735,49
736,24
737,46
738,22
739,46
740,44
741,32
742,55
743,65
744,62
745,39
746,56
747,64
748,59
749,22
750,57
751,24
752,48
753,60
754,64
755,42
756,29
757,25
758,18
759,27
760,20
761,20
762,38
763,63
764,41
765,23
766,34
767,44
768,57
769,18
770,42
771,47
772,47
773,33
774,65
775,43
776,48
777,27
778,32
779,51
780,59
781,35
782,43
783,39
784,27
785,62
786,42
787,45
788,33
789,65
790,60
791,34
792,31
793,47
794,54
795,30
796,45
797,18
798,54
799,55
800,64
801,29
802,25
803,62
804,31
805,41
806,65
807,40
808,49
809,27
810,49
811,33
812,41
813,40
814,31
815,63
816,26
817,58
818,18
819,38
820,30
821,27
822,26
823,41
824,42
825,34
826,42
827,19
828,41
829,22
830,47
831,55
832,62
833,53
834,40
835,46
836,58
837,29
838,53
839,28
840,42
841,44
842,61
843,46
844,38
845,20
846,61
847,60
848,26
849,48
850,60
851,48
852,25
853,56
854,33
855,22
856,59
857,36
858,24
859,45
860,49
861,31
862,21
863,23
864,31
865,55
866,32
867,54
868,40
869,43
870,65
871,64
872,18
873,55
874,43
875,49
876,45
877,62
878,40
879,54
880,35
881,42
882,40
883,52
884,24
885,34
886,60
887,46
888,64
889,63
890,52
891,61
892,41
893,31
894,37
895,53
896,41
897,34
898,29
899,27
900,60
901,57
902,61
903,48
904,29
905,48
906,54
907,34
908,65
909,59
910,45
911,37
912,18
913,44
914,41
915,54
916,61
917,22
918,22
919,52
920,49
921,18
922,41
923,32
924,49
925,28
926,30
927,55
928,23
929,41
930,58
931,20
932,29
933,40
934,43
935,54
936,34
937,22
938,34
939,30
940,47
941,43
942,55
943,42
944,29
945,21
946,31
947,43
948,51
949,24
950,25
951,60
952,31
953,20
954,29
955,59
956,22
957,63
958,63
959,54
960,57
961,37
962,45
963,62
964,60
965,46
966,26
967,36
968,41
969,55
970,47
971,60
972,51
973,33
974,44
975,51
976,32
977,21
978,42
979,25
980,26
981,21
982,18
983,58
984,36
985,24
986,23
987,31
988,26
989,42
990,51
991,49
992,31
993,61
994,59
995,57
996,19
997,50
998,28
999,36
1000,34
1001,55
1002,19
1003,39
1004,65
1005,20
1006,35
1007,55
1008,21
1009,20
1010,28
1011,29
1012,35
1013,46
1014,49
1015,62
1016,65
1017,56
1018,26
1019,46
1020,24
1021,36
1022,45
1023,32
1024,19
1025,52
1026,57
1027,18
1028,65
1029,62
1030,19
1031,44
1032,27
1033,44
1034,61
1035,34
1036,32
1037,32
1038,54
1039,25
1040,59
1041,27
1042,62
1043,49
1044,48
1045,36
1046,34
1047,39
1048,34
1049,42
1050,61
1051,54
1052,20
1053,28
1054,35
1055,42
1056,38
1057,47
1058,34
1059,28
1060,50
1061,32
1062,50
1063,19
1064,58
1065,45
1066,19
1067,50
1068,23
1069,54
1070,61
1071,50
1072,54
1073,23
1074,39
1075,49
1076,43
1077,18
1078,44
1079,36
1080,21
1081,61
1082,25
1083,59
1084,44
1085,49
1086,33
1087,52
1088,32
1089,31
1090,23
1091,25
1092,61
1093,54
1094,43
1095,29
1096,59
1097,53
1098,26
1099,62
1100,33
1101,41
1102,41
1103,47
1104,65
1105,29
1106,54
1107,36
1108,60
1109,29
1110,44
1111,56
1112,18
1113,24
1114,41
1115,38
1116,49
1117,38
1118,35
1119,48
1120,36
1121,20
1122,22
1123,33
1124,32
1125,22
1126,54
1127,46
1128,38
1129,46
1130,37
1131,49
1132,54
1133,39
1134,50
1135,46
1136,48
1137,32
1138,29
1139,55
1140,64
1141,54
1142,49
1143,53
1144,31
1145,52
1146,65
1147,32
1148,49
1149,52
1150,21
1151,47
1152,64
1153,57
1154,48
1155,19
1156,19
1157,31
1158,65
1159,41
1160,37
1161,21
1162,48
1163,40
1164,58
1165,57
1166,60
1167,46
1168,55
1169,48
1170,50
1171,64
1172,64
1173,26
1174,43
1175,57
1176,53
1177,45
1178,33
1179,25
1180,54
1181,51
1182,49
1183,18
1184,61
1185,19
1186,55
1187,20
1188,55
1189,47
1190,24
1191,49
1192,54
1193,41
1194,19
1195,24
1196,65
1197,39
1198,43
1199,38
1200,52
1201,47
1202,52
1203,43
1204,18
1205,45
1206,56
1207,40
1208,65
1209,34
1210,27
1211,41
1212,59
1213,33
1214,58
1215,39
1216,22
1217,53
1218,31
1219,46
1220,27
1221,33
1222,52
1223,21
1224,63
1225,32
1226,54
1227,32
1228,46
1229,29
1230,59
1231,50
1232,53
1233,59
1234,34
1235,62
1236,25
1237,38
1238,41
1239,44
1240,55
1241,59
1242,22
1243,64
1244,55
1245,60
1246,26
1247,56
1248,47
1249,41
1250,60
1251,41
1252,18
1253,46
1254,41
1255,62
1256,23
1257,18
1258,22
1259,64
1260,64
1261,23
1262,32
1263,59
1264,58
1265,59
1266,63
1267,30
1268,65
1269,27
1270,22
1271,58
1272,55
1273,34
1274,33
1275,40
1276,23
1277,30
1278,51
1279,20
1280,32
1281,43
1282,25
1283,38
1284,43
1285,24
1286,61
1287,33
1288,24
1289,39
1290,24
1291,20
1292,30
1293,61
1294,34
1295,45
1296,23
1297,24
1298,40
1299,58
1300,22
1301,29
1302,63
1303,64
1304,31
1305,45
1306,50
1307,20
1308,50
1309,49
1310,39
1311,61
1312,30
1313,45
1314,31
1315,65
1316,33
1317,27
1318,36
1319,36
1320,57
1321,41
1322,43
1323,20
1324,58
1325,19
1326,25
1327,51
1328,18
1329,21
1330,20
1331,64
1332,51
1333,35
1334,56
1335,24
1336,42
1337,26
1338,32
1339,20
1340,19
1341,52
1342,50
1343,35
1344,22
1345,64
1346,21
1347,23
1348,34
1349,63
1350,29
1351,56
1352,36
1353,20
1354,42
1355,25
1356,37
1357,40
1358,43
1359,28
1360,57
1361,50
1362,31
1363,57
1364,23
1365,23
1366,48
1367,20
1368,27
1369,47
1370,18
1371,28
1372,51
1373,55
1374,21
1375,31
1376,51
1377,50
1378,44
1379,21
1380,40
1381,51
1382,42
1383,45
1384,50
1385,65
1386,64
1387,34
1388,37
1389,52
1390,28
1391,44
1392,26
1393,61
1394,22
1395,61
1396,55
1397,49
1398,51
1399,48
1400,33
1401,23
1402,26
1403,24
1404,22
1405,29
1406,49
1407,51
1408,25
1409,56
1410,54
1411,55
1412,19
1413,33
1414,54
1415,30
1416,40
1417,21
1418,61
1419,36
1420,40
1421,38
1422,18
1423,49
1424,55
1425,45
1426,21
1427,21
1428,58
1429,50
1430,47
1431,44
1432,35
1433,45
1434,25
1435,49
1436,38
1437,18
1438,38
1439,22
1440,36
1441,52
1442,32
1443,52
1444,46
1445,62
1446,21
1447,31
1448,59
1449,57
1450,65
1451,26
1452,38
1453,56
1454,25
1455,60
1456,30
1457,55
1458,21
1459,59
1460,61
1461,35
1462,43
1463,19
1464,25
1465,58
1466,47
1467,36
1468,47
1469,53
1470,37
1471,47
1472,24
1473,38
1474,34
1475,43
1476,39
1477,25
1478,63
1479,44
1480,19
1481,26
1482,37
1483,45
1484,44
1485,44
1486,38
1487,53
1488,38
1489,33
1490,49
1491,41
1492,48
1493,28
1494,60
1495,64
1496,37
1497,65
1498,38
1499,32
1500,52
1501,56
1502,57
1503,46
1504,64
1505,57
1506,32
1507,56
1508,54
1509,45
1510,40
1511,51
1512,37
1513,20
1514,64
1515,54
1516,61
1517,56
1518,27
1519,19
1520,38
1521,18
1522,55
1523,56
1524,60
1525,19
1526,23
1527,56
1528,38
1529,26
1530,63
1531,65
1532,57
1533,27
1534,23
1535,36
1536,63
1537,34
1538,18
1539,62
1540,58
1541,31
1542,47
1543,18
1544,48
1545,51
1546,25
1547,20
1548,27
1549,25
1550,44
1551,20
1552,42
1553,62
1554,64
1555,26
1556,33
1557,24
1558,61
1559,44
1560,64
1561,35
1562,50
1563,20
1564,34
1565,38
1566,34
1567,55
1568,18
1569,19
1570,19
1571,28
1572,53
1573,19
1574,27
1575,49
1576,65
1577,44
1578,63
1579,42
1580,45
1581,45
1582,46
1583,63
1584,59
1585,31
1586,39
1587,54
1588,31
1589,26
1590,38
1591,48
1592,57
1593,38
1594,43
1595,44
1596,44
1597,59
1598,61
1599,53
1600,59
1601,64
1602,18
1603,42
1604,64
1605,57
1606,55
1607,42
1608,35
1609,44
1610,19
1611,26
1612,19
1613,33
1614,22
1615,33
1616,20
1617,23
1618,26
1619,29
1620,62
1621,18
1622,56
1623,46
1624,29
1625,49
1626,57
1627,36
1628,44
1629,42
1630,36
1631,26
1632,60
1633,54
1634,63
1635,38
1636,28
1637,24
1638,58
1639,21
1640,37
1641,55
1642,28
1643,51
1644,47
1645,40
1646,34
1647,30
1648,37
1649,45
1650,43
1651,47
1652,21
1653,32
1654,52
1655,50
1656,30
1657,18
1658,40
1659,24
1660,52
1661,32
1662,41
1663,61
1664,31
1665,59
1666,19
1667,35
1668,49
1669,48
1670,19
1671,32
1672,52
1673,52
1674,22
1675,61
1676,36
1677,50
1678,54
1679,62
1680,37
1681,63
1682,28
1683,56
1684,29
1685,65
1686,35
1687,50
1688,24
1689,46
1690,29
1691,42
1692,24
1693,54
1694,26
1695,24
1696,32
1697,47
1698,54
1699,55
1700,33
1701,50
1702,38
1703,32
1704,30
1705,51
1706,36
1707,26
1708,22
1709,60
1710,47
1711,41
1712,47
1713,23
1714,19
1715,47
1716,39
1717,37
1718,42
1719,49
1720,20
1721,63
1722,34
1723,58
1724,47
1725,32
1726,24
1727,56
1728,31
1729,34
1730,31
1731,38
1732,36
1733,31
1734,58
1735,33
1736,52
1737,52
1738,38
1739,25
1740,37
1741,48
1742,40
1743,57
1744,46
1745,54
1746,49
1747,23
1748,24
1749,50
1750,26
1751,50
1752,29
1753,48
1754,50
1755,57
1756,59
1757,25
1758,26
1759,19
1760,38
1761,49
1762,44
1763,29
1764,48
1765,46
1766,53
1767,24
1768,34
1769,55
1770,31
1771,41
1772,29
1773,21
1774,49
1775,36
1776,34
1777,22
1778,35
1779,64
1780,43
1781,29
1782,63
1783,48
1784,45
1785,39
1786,49
1787,19
1788,57
1789,20
1790,39
1791,50
1792,21
1793,19
1794,35
1795,27
1796,27
1797,22
1798,25
1799,47
1800,51
1801,64
1802,35
1803,21
1804,54
1805,31
1806,35
1807,29
1808,35
1809,43
1810,61
1811,53
1812,26
1813,23
1814,28
1815,30
1816,46
1817,35
1818,42
1819,42
1820,39
1821,40
1822,52
1823,49
1824,60
1825,30
1826,58
1827,62
1828,32
1829,26
1830,21
1831,35
1832,37
1833,46
1834,57
1835,53
1836,27
1837,41
1838,38
1839,62
1840,26
1841,59
1842,56
1843,40
1844,42
1845,47
1846,56
1847,61
1848,58
1849,26
1850,23
1851,59
1852,31
1853,30
1854,55
1855,43
1856,33
1857,35
1858,51
1859,62
1860,27
1861,24
1862,33
1863,22
1864,52
1865,41
1866,45
1867,51
1868,20
1869,19
1870,42
1871,39
1872,53
1873,43
1874,21
1875,37
1876,48
1877,52
1878,51
1879,55
1880,36
1881,52
1882,40
1883,36
1884,35
1885,55
1886,30
1887,26
1888,32
1889,53
1890,34
1891,18
1892,41
1893,47
1894,62
1895,45
1896,39
1897,65
1898,55
1899,45
1900,30
1901,33
1902,53
1903,44
1904,42
1905,64
1906,19
1907,63
1908,19
1909,44
1910,28
1911,31
1912,29
1913,26
1914,26
1915,26
1916,42
1917,57
1918,53
1919,29
1920,20
1921,18
1922,57
1923,42
1924,55
1925,29
1926,56
1927,32
1928,20
1929,18
1930,54
1931,31
1932,28
1933,18
1934,43
1935,27
1936,59
1937,26
1938,42
1939,53
1940,33
1941,47
1942,45
1943,60
1944,41
1945,47
1946,30
1947,39
1948,41
1949,22
1950,60
1951,27
1952,46
1953,28
1954,37
1955,46
1956,64
1957,55
1958,60
1959,35
1960,27
1961,21
1962,41
1963,33
1964,32
1965,38
1966,43
1967,31
1968,55
1969,31
1970,47
1971,60
1972,54
1973,42
1974,38
1975,40
1976,18
1977,45
1978,47
1979,18
1980,35
1981,19
1982,30
1983,40
1984,47
1985,48
1986,31
1987,23
1988,24
1989,39
1990,50
1991,62
1992,61
1993,44
1994,56
1995,25
1996,58
1997,18
1998,44
1999,48
2000,49
2001,27
2002,46
2003,18
2004,56
2005,29
2006,48
2007,29
2008,62
2009,50
2010,27
2011,26
2012,24
2013,63
2014,47
2015,30
2016,46
2017,59
2018,42
2019,26
2020,54
2021,46
2022,45
2023,38
2024,33
2025,57
2026,46
2027,61
2028,37
2029,46
2030,24
2031,63
2032,24
2033,64
2034,63
2035,60
2036,56
2037,27
2038,35
2039,28
2040,65
2041,60
2042,18
2043,47
2044,44
2045,37
2046,18
2047,24
2048,23
2049,45
2050,46
2051,18
2052,49
2053,63
2054,26
2055,64
2056,18
2057,63
2058,44
2059,19
2060,65
2061,43
2062,44
2063,41
2064,63
2065,21
2066,55
2067,64
2068,29
2069,65
2070,18
2071,52
2072,34
2073,58
2074,61
2075,65
2076,23
2077,52
2078,46
2079,54
2080,34
2081,45
2082,30
2083,32
2084,62
2085,54
2086,26
2087,42
2088,35
2089,52
2090,49
2091,65
2092,36
2093,20
2094,42
2095,40
2096,38
2097,30
2098,28
2099,32
2100,26
2101,53
2102,43
2103,61
2104,37
2105,53
2106,20
2107,49
2108,21
2109,61
2110,47
2111,30
2112,28
2113,42
2114,41
2115,18
2116,54
2117,51
2118,44
2119,53
2120,35
2121,38
2122,39
2123,46
2124,35
2125,63
2126,34
2127,65
2128,58
2129,49
2130,54
2131,52
2132,44
2133,24
2134,53
2135,22
2136,61
2137,40
2138,21
2139,50
2140,62
2141,30
2142,49
2143,29
2144,52
2145,26
2146,41
2147,26
2148,62
2149,28
2150,65
2151,62
2152,45
2153,48
2154,27
2155,20
2156,52
2157,25
2158,58
2159,62
2160,35
2161,63
2162,28
2163,23
2164,50
2165,47
2166,56
2167,30
2168,60
2169,64
2170,33
2171,59
2172,57
2173,33
2174,45
2175,32
2176,36
2177,40
2178,42
2179,49
2180,37
2181,23
2182,37
2183,59
2184,34
2185,63
2186,44
2187,43
2188,41
2189,19
2190,62
2191,26
2192,43
2193,39
2194,51
2195,37
2196,25
2197,29
2198,46
2199,62
2200,53
2201,29
2202,52
2203,21
2204,27
2205,45
2206,41
2207,48
2208,23
2209,61
2210,26
2211,50
2212,55
2213,47
2214,31
2215,46
2216,34
2217,47
2218,26
2219,18
2220,61
2221,20
2222,22
2223,56
2224,31
2225,47
2226,41
2227,23
2228,48
2229,54
2230,54
2231,36
2232,60
2233,19
2234,24
2235,63
2236,52
2237,45
2238,49
2239,36
2240,59
2241,38
2242,61
2243,51
2244,28
2245,21
2246,48
2247,65
2248,25
2249,36
2250,34
2251,36
2252,53
2253,40
2254,36
2255,48
2256,57
2257,65
2258,37
2259,34
2260,28
2261,45
2262,21
2263,46
2264,28
2265,45
2266,27
2267,41
2268,41
2269,60
2270,26
2271,39
2272,39
2273,35
2274,30
2275,24
2276,24
2277,52
2278,42
2279,30
2280,65
2281,26
2282,52
2283,20
2284,35
2285,19
2286,52
2287,18
2288,31
2289,44
2290,43
2291,37
2292,31
2293,56
2294,31
2295,62
2296,39
2297,56
2298,62
2299,39
2300,25
2301,44
2302,22
2303,28
2304,64
2305,41
2306,33
2307,28
2308,65
2309,20
2310,38
2311,49
2312,60
2313,64
2314,52
2315,24
2316,54
2317,40
2318,65
2319,28
2320,56
2321,39
2322,24
2323,43
2324,22
2325,49
2326,23
2327,58
2328,60
2329,20
2330,32
2331,34
2332,44
2333,30
2334,43
2335,51
2336,35
2337,60
2338,63
2339,34
2340,20
2341,35
2342,37
2343,51
2344,27
2345,21
2346,22
2347,19
2348,18
2349,62
2350,27
2351,22
2352,29
2353,62
2354,20
2355,46
2356,46
2357,22
2358,58
2359,55
2360,24
2361,61
2362,61
2363,23
2364,52
2365,32
2366,50
2367,21
2368,26
2369,45
2370,20
2371,18
2372,27
2373,23
2374,46
2375,25
2376,48
2377,22
2378,36
2379,57
2380,58
2381,65
2382,47
2383,20
2384,40
2385,61
2386,20
2387,43
2388,53
2389,29
2390,22
2391,28
2392,51
2393,32
2394,32
2395,46
2396,32
2397,39
2398,45
2399,63
2400,57
2401,65
2402,42
2403,44
2404,28
2405,24
2406,45
2407,57
2408,51
2409,46
2410,45
2411,53
2412,49
2413,54
2414,25
2415,42
2416,65
2417,25
2418,32
2419,36
2420,18
2421,44
2422,21
2423,63
2424,26
2425,22
2426,18
2427,28
2428,22
2429,54
2430,45
2431,57
2432,25
2433,29
2434,40
2435,20
2436,49
2437,39
2438,43
2439,37
2440,45
2441,37
2442,27
2443,31
2444,59
2445,49
2446,64
2447,24
2448,44
2449,44
2450,52
2451,42
2452,32
2453,33
2454,25
2455,27
2456,57
2457,48
2458,44
2459,25
2460,46
2461,19
2462,22
2463,26
2464,62
2465,51
2466,36
2467,21
2468,61
2469,23
2470,59
2471,33
2472,58
2473,31
2474,30
2475,61
2476,29
2477,30
2478,57
2479,60
2480,29
2481,18
2482,43
2483,29
2484,52
2485,29
2486,30
2487,55
2488,44
2489,25
2490,22
2491,20
2492,47
2493,36
2494,42
2495,49
2496,51
2497,59
2498,31
2499,23
2500,52
2501,51
2502,34
2503,49
2504,65
2505,22
2506,38
2507,40
2508,29
2509,41
2510,65
2511,50
2512,18
2513,39
2514,59
2515,47
2516,59
2517,32
2518,48
2519,22
2520,44
2521,43
2522,52
2523,18
2524,55
2525,48
2526,30
2527,50
2528,40
2529,56
2530,28
2531,38
2532,41
2533,18
2534,23
2535,42
2536,44
2537,39
2538,47
2539,53
2540,56
2541,58
2542,63
2543,35
2544,48
2545,46
2546,49
2547,55
2548,43
2549,33
2550,50
2551,40
2552,33
2553,37
2554,38
2555,54
2556,43
2557,43
2558,24
2559,18
2560,37
2561,59
2562,36
2563,48
2564,28
2565,64
2566,45
2567,53
2568,30
2569,24
2570,63
2571,31
2572,20
2573,55
2574,34
2575,47
2576,61
2577,58
2578,55
2579,48
2580,53
2581,33
2582,21
2583,50
2584,63
2585,52
2586,57
2587,25
2588,43
2589,57
2590,33
2591,20
2592,64
2593,22
2594,61
2595,30
2596,58
2597,60
2598,40
2599,53
2600,59
2601,19
2602,33
2603,54
2604,54
2605,24
2606,31
2607,26
2608,21
2609,44
2610,18
2611,43
2612,46
2613,32
2614,23
2615,38
2616,56
2617,53
2618,62
2619,39
2620,65
2621,39
2622,19
2623,50
2624,52
2625,47
2626,20
2627,63
2628,20
2629,62
2630,27
2631,40
2632,51
2633,43
2634,33
2635,56
2636,59
2637,25
2638,20
2639,36
2640,27
2641,30
2642,28
2643,21
2644,48
2645,64
2646,51
2647,36
2648,60
2649,32
2650,55
2651,23
2652,26
2653,63
2654,45
2655,29
2656,23
2657,50
2658,33
2659,26
2660,59
2661,18
2662,24
2663,47
2664,21
2665,61
2666,63
2667,55
2668,60
2669,37
2670,48
2671,59
2672,34
2673,39
2674,35
2675,60
2676,46
2677,31
2678,31
2679,43
2680,44
2681,40
2682,65
2683,41
2684,43
2685,35
2686,21
2687,32
2688,40
2689,40
2690,44
2691,37
2692,56
2693,19
2694,53
2695,32
2696,31
2697,38
2698,25
2699,57
2700,55
2701,31
2702,62
2703,60
2704,18
2705,28
2706,63
2707,21
2708,25
2709,22
2710,40
2711,54
2712,48
2713,40
2714,46
2715,40
2716,62
2717,34
2718,35
2719,57
2720,20
2721,19
2722,42
2723,22
2724,20
2725,28
2726,26
2727,65
2728,29
2729,26
2730,29
2731,53
2732,41
2733,54
2734,52
2735,47
2736,59
2737,61
2738,33
2739,20
2740,32
2741,26
2742,31
2743,55
2744,31
2745,42
2746,24
2747,23
2748,38
2749,41
2750,34
2751,57
2752,56
2753,45
2754,26
2755,43
2756,32
2757,61
2758,65
2759,57
2760,43
2761,27
2762,33
2763,51
2764,50
2765,46
2766,52
2767,31
2768,42
2769,26
2770,28
2771,20
2772,40
2773,37
2774,34
2775,34
2776,26
2777,32
2778,48
2779,48
2780,26
2781,44
2782,59
2783,26
2784,62
2785,23
2786,19
2787,39
2788,44
2789,39
2790,60
2791,49
2792,52
2793,38
2794,58
2795,31
2796,63
2797,58
2798,29
2799,18
2800,28
2801,24
2802,65
2803,49
2804,49
2805,41
2806,45
2807,27
2808,39
2809,33
2810,38
2811,57
2812,47
2813,41
2814,27
2815,53
2816,46
2817,63
2818,30
2819,43
2820,36
2821,41
2822,39
2823,65
2824,32
2825,38
2826,43
2827,34
2828,54
2829,31
2830,27
2831,30
2832,40
2833,36
2834,19
2835,36
2836,47
2837,40
2838,18
2839,64
2840,53
2841,25
2842,49
2843,64
2844,29
2845,38
2846,19
2847,61
2848,36
2849,62
2850,58
2851,57
2852,23
2853,39
2854,27
2855,58
2856,40
2857,19
2858,31
2859,25
2860,21
2861,56
2862,21
2863,59
2864,28
2865,36
2866,31
2867,55
2868,52
2869,32
2870,42
2871,45
2872,57
2873,58
2874,28
2875,44
2876,34
2877,63
2878,27
2879,28
2880,26
2881,41
2882,19
2883,20
2884,22
2885,61
2886,24
2887,62
2888,27
2889,27
2890,61
2891,49
2892,22
2893,42
2894,49
2895,44
2896,62
2897,63
2898,53
2899,33
2900,38
2901,62
2902,52
2903,36
2904,25
2905,63
2906,54
2907,30
2908,48
2909,58
2910,30
2911,51
2912,46
2913,31
2914,46
2915,58
2916,54
2917,50
2918,39
2919,62
2920,27
2921,55
2922,26
2923,46
2924,44
2925,63
2926,54
2927,46
2928,27
2929,18
2930,46
2931,49
2932,54
2933,56
2934,20
2935,59
2936,46
2937,29
2938,35
2939,30
2940,63
2941,65
2942,57
2943,26
2944,25
2945,63
2946,56
2947,25
2948,41
2949,56
2950,58
2951,46
2952,58
2953,47
2954,64
2955,46
2956,40
2957,22
2958,32
2959,25
2960,52
2961,59
2962,28
2963,34
2964,22
2965,26
2966,21
2967,50
2968,39
2969,18
2970,38
2971,51
2972,38
2973,48
2974,50
2975,62
2976,49
2977,41
2978,32
2979,47
2980,25
2981,35
2982,61
2983,48
2984,34
2985,46
2986,22
2987,25
2988,21
2989,33
2990,57
2991,59
2992,28
2993,64
2994,30
2995,21
2996,20
2997,18
2998,22
2999,53
3000,54
3001,49
3002,20
3003,35
3004,28
3005,56
3006,55
3007,46
3008,46
3009,63
3010,61
3011,24
3012,44
3013,33
3014,61
3015,36
3016,60
3017,33
3018,57
3019,61
3020,45
3021,54
3022,42
3023,37
3024,28
3025,28
3026,23
3027,43
3028,32
3029,60
3030,20
3031,29
3032,33
3033,49
3034,26
3035,28
3036,27
3037,27
3038,43
3039,37
3040,41
3041,18
3042,48
3043,52
3044,57
3045,29
3046,30
3047,64
3048,54
3049,56
3050,45
3051,44
3052,26
3053,47
3054,53
3055,21
3056,44
3057,22
3058,35
3059,43
3060,37
3061,22
3062,56
3063,37
3064,44
3065,64
3066,30
3067,59
3068,34
3069,62
3070,50
3071,53
3072,64
3073,41
3074,56
3075,39
3076,35
3077,36
3078,44
3079,46
3080,50
3081,35
3082,21
3083,49
3084,21
3085,18
3086,56
3087,49
3088,43
3089,24
3090,44
3091,27
3092,65
3093,48
3094,32
3095,53
3096,31
3097,19
3098,23
3099,61
3100,30
3101,46
3102,35
3103,52
3104,46
3105,31
3106,55
3107,31
3108,58
3109,32
3110,58
3111,23
3112,21
3113,42
3114,22
3115,52
3116,35
3117,56
3118,20
3119,51
3120,26
3121,19
3122,44
3123,39
3124,43
3125,61
3126,29
3127,25
3128,45
3129,23
3130,46
3131,45
3132,45
3133,32
3134,38
3135,39
3136,35
3137,32
3138,54
3139,52
3140,19
3141,38
3142,26
3143,50
3144,58
3145,41
3146,53
3147,50
3148,36
3149,24
3150,37
3151,23
3152,23
3153,40
3154,60
3155,46
3156,24
3157,34
3158,36
3159,18
3160,46
3161,35
3162,47
3163,45
3164,23
3165,45
3166,63
3167,59
3168,42
3169,36
3170,63
3171,32
3172,44
3173,50
3174,56
3175,48
3176,34
3177,21
3178,24
3179,48
3180,50
3181,46
3182,65
3183,31
3184,34
3185,63
3186,57
3187,51
3188,37
3189,32
3190,25
3191,21
3192,37
3193,29
3194,58
3195,49
3196,23
3197,45
3198,21
3199,38
3200,22
3201,23
3202,35
3203,26
3204,55
3205,50
3206,41
3207,40
3208,54
3209,42
3210,56
3211,30
3212,30
3213,45
3214,27
3215,60
3216,45
3217,31
3218,34
3219,52
3220,50
3221,51
3222,59
3223,30
3224,54
3225,49
3226,47
3227,18
3228,65
3229,28
3230,63
3231,21
3232,48
3233,47
3234,50
3235,31
3236,24
3237,47
3238,51
3239,19
3240,39
3241,58
3242,59
3243,39
3244,35
3245,38
3246,44
3247,37
3248,56
3249,48
3250,57
3251,23
3252,48
3253,26
3254,48
3255,61
3256,50
3257,40
3258,59
3259,53
3260,52
3261,51
3262,49
3263,36
3264,32
3265,21
3266,55
3267,54
3268,61
3269,31
3270,61
3271,23
3272,33
3273,50
3274,60
3275,45
3276,35
3277,45
3278,54
3279,59
3280,35
3281,35
3282,47
3283,54
3284,64
3285,40
3286,40
3287,54
3288,46
3289,29
3290,37
3291,54
3292,33
3293,57
3294,25
3295,44
3296,60
3297,25
3298,56
3299,41
3300,56
3301,47
3302,42
3303,45
3304,32
3305,48
3306,36
3307,33
3308,53
3309,33
3310,25
3311,20
3312,18
3313,50
3314,21
3315,27
3316,28
3317,38
3318,58
3319,45
3320,47
3321,57
3322,31
3323,27
3324,40
3325,32
3326,40
3327,32
3328,31
3329,63
3330,43
3331,40
3332,30
3333,53
3334,59
3335,45
3336,51
3337,64
3338,32
3339,61
3340,58
3341,39
3342,47
3343,45
3344,31
3345,18
3346,38
3347,23
3348,39
3349,27
3350,35
3351,24
3352,38
3353,52
3354,41
3355,26
3356,43
3357,42
3358,65
3359,63
3360,57
3361,39
3362,65
3363,52
3364,41
3365,47
3366,57
3367,33
3368,28
3369,37
3370,28
3371,60
3372,20
3373,52
3374,37
3375,30
3376,64
3377,23
3378,63
3379,46
3380,52
3381,25
3382,35
3383,32
3384,19
3385,64
3386,61
3387,36
3388,27
3389,50
3390,23
3391,58
3392,32
3393,36
3394,52
3395,54
3396,35
3397,65
3398,50
3399,35
3400,36
3401,47
3402,51
3403,51
3404,55
3405,56
3406,61
3407,19
3408,60
3409,58
3410,36
3411,34
3412,28
3413,44
3414,65
3415,65
3416,19
3417,37
3418,34
3419,54
3420,39
3421,54
3422,18
3423,64
3424,24
3425,39
3426,46
3427,28
3428,36
3429,52
3430,63
3431,54
3432,49
3433,25
3434,23
3435,37
3436,64
3437,44
3438,25
3439,40
3440,52
3441,33
3442,27
3443,42
3444,64
3445,36
3446,43
3447,57
3448,63
3449,45
3450,41
3451,52
3452,39
3453,36
3454,29
3455,46
3456,53
3457,37
3458,63
3459,58
3460,43
3461,63
3462,59
3463,34
3464,50
3465,18
3466,36
3467,37
3468,20
3469,43
3470,49
3471,41
3472,53
3473,20
3474,20
3475,22
3476,63
3477,48
3478,38
3479,26
3480,39
3481,63
3482,31
3483,59
3484,35
3485,35
3486,54
3487,59
3488,35
3489,45
3490,47
3491,55
3492,40
3493,24
3494,26
3495,18
3496,49
3497,21
3498,37
3499,31
3500,35
3501,27
3502,34
3503,59
3504,44
3505,46
3506,42
3507,26
3508,61
3509,59
3510,44
3511,64
3512,25
3513,24
3514,50
3515,52
3516,20
3517,30
3518,45
3519,36
3520,56
3521,33
3522,23
3523,55
3524,28
3525,32
3526,24
3527,30
3528,29
3529,29
3530,52
3531,37
3532,36
3533,37
3534,64
3535,26
3536,21
3537,20
3538,31
3539,24
3540,18
3541,59
3542,27
3543,59
3544,59
3545,54
3546,64
3547,64
3548,33
3549,39
3550,45
3551,56
3552,61
3553,24
3554,53
3555,47
3556,32
3557,62
3558,46
3559,36
3560,41
3561,19
3562,27
3563,51
3564,43
3565,29
3566,61
3567,27
3568,18
3569,64
3570,52
3571,26
3572,20
3573,38
3574,27
3575,55
3576,21
3577,51
3578,43
3579,55
3580,55
3581,41
3582,23
3583,50
3584,37
3585,21
3586,59
3587,23
3588,65
3589,38
3590,36
3591,55
3592,30
3593,37
3594,52
3595,50
3596,23
3597,64
3598,57
3599,42
3600,43
3601,49
3602,25
3603,29
3604,30
3605,30
3606,38
3607,31
3608,47
3609,59
3610,34
3611,51
3612,57
3613,40
3614,40
3615,25
3616,53
3617,63
3618,48
3619,54
3620,24
3621,61
3622,27
3623,38
3624,40
3625,33
3626,45
3627,55
3628,65
3629,61
3630,50
3631,54
3632,63
3633,50
3634,54
3635,22
3636,63
3637,64
3638,58
3639,49
3640,43
3641,34
3642,37
3643,28
3644,43
3645,31
3646,61
3647,39
3648,36
3649,38
3650,20
3651,31
3652,41
3653,43
3654,18
3655,20
3656,60
3657,27
3658,64
3659,38
3660,41
3661,24
3662,48
3663,40
3664,59
3665,20
3666,28
3667,61
3668,28
3669,32
3670,63
3671,65
3672,33
3673,22
3674,24
3675,57
3676,43
3677,33
3678,34
3679,48
3680,24
3681,59
3682,20
3683,35
3684,35
3685,45
3686,26
3687,25
3688,44
3689,60
3690,45
3691,39
3692,26
3693,25
3694,26
3695,60
3696,21
3697,54
3698,25
3699,20
3700,62
3701,65
3702,44
3703,65
3704,32
3705,31
3706,49
3707,49
3708,63
3709,55
3710,47
3711,44
3712,65
3713,62
3714,63
3715,38
3716,20
3717,31
3718,28
3719,65
3720,62
3721,35
3722,43
3723,24
3724,60
3725,62
3726,47
3727,26
3728,39
3729,32
3730,56
3731,40
3732,50
3733,55
3734,56
3735,38
3736,21
3737,40
3738,26
3739,47
3740,40
3741,47
3742,60
3743,49
3744,63
3745,38
3746,23
3747,62
3748,27
3749,65
3750,28
3751,33
3752,48
3753,54
3754,29
3755,57
3756,27
3757,47
3758,28
3759,40
3760,51
3761,57
3762,43
3763,60
3764,43
3765,32
3766,61
3767,31
3768,53
3769,27
3770,23
3771,50
3772,61
3773,18
3774,33
3775,37
3776,19
3777,61
3778,48
3779,23
3780,52
3781,57
3782,22
3783,42
3784,24
3785,40
3786,27
3787,39
3788,31
3789,20
3790,32
3791,25
3792,61
3793,32
3794,20
3795,31
3796,28
3797,38
3798,32
3799,32
3800,56
3801,19
3802,26
3803,30
3804,59
3805,58
3806,24
3807,33
3808,64
3809,47
3810,29
3811,46
3812,42
3813,43
3814,53
3815,18
3816,43
3817,31
3818,22
3819,24
3820,37
3821,40
3822,24
3823,18
3824,65
3825,52
3826,22
3827,29
3828,30
3829,30
3830,50
3831,36
3832,29
3833,42
3834,47
3835,57
3836,49
3837,52
3838,51
3839,49
3840,36
3841,33
3842,62
3843,63
3844,62
3845,27
3846,36
3847,33
3848,18
3849,65
3850,62
3851,41
3852,49
3853,52
3854,21
3855,64
3856,29
3857,36
3858,53
3859,47
3860,49
3861,54
3862,60
3863,29
3864,35
3865,26
3866,27
3867,27
3868,36
3869,56
3870,58
3871,20
3872,53
3873,38
3874,24
3875,28
3876,21
3877,61
3878,47
3879,29
3880,58
3881,43
3882,64
3883,25
3884,59
3885,47
3886,47
3887,60
3888,21
3889,28
3890,54
3891,36
3892,58
3893,43
3894,35
3895,58
3896,24
3897,44
3898,50
3899,26
3900,18
3901,56
3902,51
3903,21
3904,21
3905,48
3906,51
3907,30
3908,21
3909,46
3910,42
3911,50
3912,19
3913,35
3914,60
3915,26
3916,63
3917,26
3918,33
3919,48
3920,20
3921,21
3922,32
3923,33
3924,42
3925,21
3926,64
3927,62
3928,61
3929,38
3930,49
3931,20
3932,45
3933,49
3934,41
3935,63
3936,44
3937,55
3938,64
3939,39
3940,45
3941,25
3942,51
3943,39
3944,62
3945,31
3946,42
3947,61
3948,35
3949,22
3950,50
3951,35
3952,28
3953,29
3954,18
3955,18
3956,26
3957,46
3958,22
3959,60
3960,38
3961,21
3962,39
3963,52
3964,43
3965,27
3966,58
3967,33
3968,55
3969,37
3970,31
3971,43
3972,47
3973,51
3974,48
3975,27
3976,64
3977,60
3978,24
3979,49
3980,46
3981,50
3982,42
3983,39
3984,42
3985,54
3986,21
3987,35
3988,46
3989,62
3990,23
3991,38
3992,19
3993,26
3994,58
3995,48
3996,63
3997,35
3998,56
3999,19
4000,51
4001,65
4002,19
4003,57
4004,22
4005,42
4006,42
4007,62
4008,20
4009,29
4010,53
4011,18
4012,23
4013,28
4014,47
4015,23
4016,20
4017,49
4018,61
4019,42
4020,29
4021,40
4022,53
4023,33
4024,37
4025,47
4026,35
4027,41
4028,29
4029,32
4030,38
4031,57
4032,28
4033,52
4034,32
4035,25
4036,63
4037,18
4038,35
4039,35
4040,62
4041,48
4042,53
4043,61
4044,44
4045,65
4046,21
4047,42
4048,33
4049,34
4050,32
4051,40
4052,27
4053,61
4054,29
4055,24
4056,58
4057,47
4058,28
4059,53
4060,28
4061,63
4062,48
4063,47
4064,54
4065,65
4066,55
4067,65
4068,45
4069,31
4070,32
4071,23
4072,43
4073,19
4074,26
4075,33
4076,61
4077,18
4078,29
4079,43
4080,36
4081,28
4082,44
4083,58
4084,31
4085,21
4086,53
4087,23
4088,30
4089,19
4090,45
4091,18
4092,45
4093,57
4094,40
4095,24
4096,44
4097,62
4098,40
4099,24
4100,65
4101,52
4102,38
4103,34
4104,23
4105,64
4106,27
4107,20
4108,57
4109,33
4110,23
4111,42
4112,48
4113,33
4114,49
4115,56
4116,60
4117,48
4118,42
4119,54
4120,51
4121,38
4122,30
4123,24
4124,19
4125,47
4126,45
4127,65
4128,22
4129,52
4130,26
4131,54
4132,57
4133,27
4134,48
4135,51
4136,63
4137,61
4138,47
4139,18
4140,39
4141,54
4142,41
4143,49
4144,54
4145,26
4146,52
4147,61
4148,33
4149,58
4150,26
4151,43
4152,52
4153,40
4154,29
4155,48
4156,38
4157,30
4158,44
4159,36
4160,38
4161,23
4162,56
4163,33
4164,20
4165,24
4166,29
4167,58
4168,41
4169,43
4170,54
4171,58
4172,22
4173,32
4174,34
4175,21
4176,50
4177,20
4178,48
4179,33
4180,52
4181,39
4182,22
4183,57
4184,31
4185,25
4186,48
4187,53
4188,35
4189,42
4190,23
4191,57
4192,38
4193,54
4194,47
4195,35
4196,51
4197,54
4198,50
4199,43
4200,20
4201,45
4202,19
4203,65
4204,22
4205,44
4206,51
4207,65
4208,19
4209,44
4210,50
4211,65
4212,34
4213,65
4214,42
4215,65
4216,38
4217,32
4218,35
4219,44
4220,25
4221,60
4222,28
4223,38
4224,27
4225,27
4226,44
4227,32
4228,46
4229,58
4230,40
4231,24
4232,48
4233,57
4234,54
4235,60
4236,47
4237,24
4238,33
4239,51
4240,43
4241,19
4242,34
4243,33
4244,21
4245,21
4246,28
4247,36
4248,63
4249,38
4250,27
4251,41
4252,38
4253,36
4254,20
4255,49
4256,37
4257,35
4258,52
4259,45
4260,27
4261,57
4262,20
4263,18
4264,57
4265,53
4266,60
4267,60
4268,34
4269,62
4270,41
4271,23
4272,47
4273,31
4274,63
4275,21
4276,42
4277,44
4278,25
4279,57
4280,26
4281,49
4282,53
4283,64
4284,50
4285,31
4286,36
4287,50
4288,22
4289,55
4290,24
4291,65
4292,29
4293,37
4294,34
4295,26
4296,33
4297,61
4298,33
4299,33
4300,59
4301,30
4302,43
4303,48
4304,21
4305,57
4306,34
4307,55
4308,65
4309,32
4310,38
4311,40
4312,56
4313,23
4314,63
4315,53
4316,21
4317,51
4318,33
4319,35
4320,63
4321,44
4322,43
4323,37
4324,48
4325,46
4326,18
4327,25
4328,56
4329,41
4330,58
4331,50
4332,23
4333,57
4334,35
4335,19
4336,46
4337,18
4338,23
4339,63
4340,30
4341,44
4342,18
4343,37
4344,65
4345,29
4346,52
4347,64
4348,49
4349,25
4350,52
4351,23
4352,41
4353,38
4354,23
4355,28
4356,58
4357,19
4358,25
4359,23
4360,64
4361,29
4362,59
4363,23
4364,20
4365,24
4366,31
4367,64
4368,59
4369,20
4370,62
4371,54
4372,39
4373,31
4374,58
4375,46
4376,20
4377,44
4378,19
4379,25
4380,48
4381,43
4382,27
4383,60
4384,64
4385,41
4386,64
4387,64
4388,39
4389,25
4390,59
4391,42
4392,29
4393,28
4394,23
4395,65
4396,30
4397,40
4398,34
4399,27
4400,27
4401,53
4402,23
4403,50
4404,23
4405,51
4406,43
4407,40
4408,20
4409,48
4410,43
4411,29
4412,19
4413,59
4414,31
4415,39
4416,61
4417,55
4418,55
4419,24
4420,60
4421,40
4422,30
4423,48
4424,50
4425,60
4426,60
4427,20
4428,58
4429,63
4430,30
4431,55
4432,41
4433,57
4434,44
4435,32
4436,42
4437,27
4438,31
4439,55
4440,34
4441,26
4442,29
4443,59
4444,27
4445,31
4446,54
4447,61
4448,39
4449,64
4450,40
4451,59
4452,34
4453,49
4454,43
4455,26
4456,39
4457,49
4458,55
4459,62
4460,39
4461,53
4462,60
4463,37
4464,58
4465,32
4466,65
4467,52
4468,27
4469,64
4470,27
4471,50
4472,22
4473,40
4474,22
4475,38
4476,42
4477,29
4478,24
4479,61
4480,47
4481,44
4482,33
4483,53
4484,49
4485,35
4486,32
4487,41
4488,43
4489,31
4490,37
4491,18
4492,34
4493,65
4494,36
4495,30
4496,57
4497,44
4498,43
4499,25
4500,22
4501,43
4502,34
4503,53
4504,34
4505,54
4506,22
4507,55
4508,35
4509,29
4510,48
4511,20
4512,27
4513,40
4514,21
4515,50
4516,38
4517,63
4518,41
4519,32
4520,57
4521,39
4522,20
4523,55
4524,27
4525,38
4526,64
4527,62
4528,30
4529,57
4530,41
4531,56
4532,25
4533,50
4534,45
4535,27
4536,23
4537,26
4538,23
4539,60
4540,30
4541,24
4542,35
4543,53
4544,21
4545,50
4546,22
4547,36
4548,60
4549,57
4550,41
4551,58
4552,55
4553,50
4554,46
4555,46
4556,37
4557,36
4558,45
4559,65
4560,50
4561,36
4562,60
4563,29
4564,42
4565,19
4566,48
4567,56
4568,39
4569,35
4570,60
4571,41
4572,26
4573,46
4574,27
4575,62
4576,33
4577,38
4578,48
4579,24
4580,39
4581,30
4582,23
4583,33
4584,49
4585,51
4586,59
4587,65
4588,24
4589,18
4590,36
4591,54
4592,62
4593,18
4594,22
4595,34
4596,38
4597,53
4598,30
4599,18
4600,45
4601,25
4602,29
4603,24
4604,60
4605,46
4606,33
4607,63
4608,49
4609,37
4610,61
4611,21
4612,33
4613,38
4614,30
4615,20
4616,33
4617,37
4618,41
4619,37
4620,31
4621,48
4622,48
4623,32
4624,45
4625,59
4626,25
4627,19
4628,59
4629,63
4630,32
4631,38
4632,48
4633,32
4634,23
4635,57
4636,18
4637,20
4638,45
4639,31
4640,28
4641,52
4642,42
4643,18
4644,51
4645,32
4646,28
4647,57
4648,47
4649,51
4650,58
4651,22
4652,47
4653,28
4654,43
4655,41
4656,37
4657,61
4658,26
4659,36
4660,38
4661,30
4662,38
4663,39
4664,30
4665,50
4666,38
4667,25
4668,34
4669,48
4670,50
4671,58
4672,22
4673,27
4674,32
4675,64
4676,31
4677,25
4678,41
4679,40
4680,42
4681,32
4682,41
4683,50
4684,21
4685,49
4686,49
4687,20
4688,65
4689,52
4690,25
4691,32
4692,34
4693,41
4694,34
4695,47
4696,36
4697,50
4698,43
4699,46
4700,23
4701,54
4702,47
4703,51
4704,39
4705,64
4706,42
4707,58
4708,30
4709,29
4710,43
4711,37
4712,32
4713,42
4714,44
4715,29
4716,60
4717,60
4718,48
4719,58
4720,47
4721,61
4722,60
4723,21
4724,30
4725,55
4726,49
4727,23
4728,50
4729,18
4730,62
4731,48
4732,35
4733,21
4734,53
4735,27
4736,43
4737,39
4738,63
4739,39
4740,31
4741,58
4742,44
4743,26
4744,50
4745,51
4746,38
4747,47
4748,22
4749,57
4750,65
4751,23
4752,65
4753,43
4754,39
4755,49
4756,24
4757,29
4758,43
4759,59
4760,62
4761,42
4762,35
4763,59
4764,35
4765,21
4766,31
4767,48
4768,47
4769,39
4770,50
4771,22
4772,32
4773,46
4774,61
4775,24
4776,35
4777,62
4778,31
4779,63
4780,35
4781,42
4782,33
4783,33
4784,34
4785,20
4786,56
4787,54
4788,34
4789,27
4790,33
4791,58
4792,41
4793,45
4794,56
4795,63
4796,56
4797,56
4798,53
4799,58
4800,40
4801,47
4802,63
4803,63
4804,48
4805,33
4806,22
4807,41
4808,29
4809,39
4810,59
4811,63
4812,47
4813,44
4814,55
4815,44
4816,29
4817,41
4818,37
4819,33
4820,58
4821,21
4822,57
4823,28
4824,57
4825,49
4826,23
4827,23
4828,31
4829,54
4830,27
4831,19
4832,23
4833,20
4834,58
4835,25
4836,30
4837,36
4838,50
4839,28
4840,61
4841,39
4842,60
4843,53
4844,27
4845,31
4846,45
4847,54
4848,54
4849,60
4850,47
4851,24
4852,23
4853,64
4854,38
4855,28
4856,46
4857,35
4858,23
4859,27
4860,56
4861,43
4862,44
4863,24
4864,47
4865,34
4866,26
4867,26
4868,52
4869,19
4870,29
4871,27
4872,30
4873,60
4874,19
4875,62
4876,47
4877,25
4878,41
4879,51
4880,45
4881,60
4882,65
4883,38
4884,58
4885,28
4886,48
4887,27
4888,28
4889,41
4890,24
4891,19
4892,32
4893,65
4894,48
4895,60
4896,65
4897,39
4898,64
4899,30
4900,39
4901,28
4902,47
4903,58
4904,29
4905,38
4906,58
4907,62
4908,43
4909,43
4910,55
4911,41
4912,48
4913,18
4914,30
4915,30
4916,23
4917,64
4918,20
4919,38
4920,52
4921,30
4922,22
4923,27
4924,20
4925,55
4926,55
4927,29
4928,36
4929,43
4930,52
4931,37
4932,43
4933,40
4934,54
4935,25
4936,28
4937,56
4938,57
4939,54
4940,23
4941,34
4942,46
4943,52
4944,41
4945,39
4946,50
4947,54
4948,58
4949,54
4950,19
4951,44
4952,38
4953,31
4954,30
4955,21
4956,58
4957,46
4958,47
4959,23
4960,18
4961,57
4962,47
4963,51
4964,55
4965,25
4966,35
4967,40
4968,30
4969,25
4970,31
4971,55
4972,52
4973,21
4974,50
4975,33
4976,55
4977,18
4978,56
4979,18
4980,24
4981,28
4982,45
4983,23
4984,51
4985,24
4986,27
4987,25
4988,56
4989,27
4990,51
4991,49
4992,62
4993,24
4994,32
4995,64
4996,63
4997,59
4998,30
4999,36
5000,33
5001,23
5002,20
5003,60
5004,19
5005,33
5006,30
5007,22
5008,57
5009,24
5010,48
5011,29
5012,38
5013,21
5014,36
5015,25
5016,28
5017,20
5018,40
5019,50
5020,38
5021,48
5022,22
5023,25
5024,54
5025,51
5026,56
5027,28
5028,39
5029,22
5030,43
5031,21
5032,62
5033,56
5034,52
5035,22
5036,29
5037,49
5038,50
5039,49
5040,33
5041,40
5042,30
5043,43
5044,18
5045,63
5046,57
5047,62
5048,18
5049,57
5050,62
5051,39
5052,53
5053,24
5054,52
5055,31
5056,64
5057,50
5058,32
5059,28
5060,57
5061,49
5062,51
5063,35
5064,63
5065,24
5066,25
5067,42
5068,40
5069,64
5070,31
5071,20
5072,27
5073,34
5074,65
5075,39
5076,28
5077,37
5078,49
5079,54
5080,54
5081,30
5082,48
5083,31
5084,44
5085,64
5086,19
5087,51
5088,51
5089,27
5090,27
5091,43
5092,26
5093,29
5094,40
5095,36
5096,27
5097,35
5098,25
5099,18
5100,62
5101,24
5102,24
5103,21
5104,61
5105,54
5106,44
5107,31
5108,41
5109,21
5110,31
5111,41
5112,36
5113,52
5114,61
5115,57
5116,50
5117,20
5118,40
5119,58
5120,41
5121,33
5122,45
5123,30
5124,34
5125,44
5126,49
5127,60
5128,54
5129,25
5130,53
5131,43
5132,43
5133,37
5134,58
5135,41
5136,18
5137,54
5138,49
5139,50
5140,51
5141,21
5142,43
5143,60
5144,65
5145,33
5146,65
5147,44
5148,22
5149,23
5150,28
5151,59
5152,60
5153,49
5154,43
5155,64
5156,35
5157,47
5158,55
5159,38
5160,35
5161,21
5162,63
5163,62
5164,19
5165,19
5166,30
5167,62
5168,64
5169,50
5170,48
5171,58
5172,56
5173,18
5174,36
5175,35
5176,31
5177,41
5178,32
5179,28
5180,55
5181,22
5182,48
5183,61
5184,33
5185,21
5186,63
5187,49
5188,34
5189,54
5190,29
5191,64
5192,53
5193,58
5194,53
5195,25
5196,25
5197,21
5198,35
5199,63
5200,54
5201,59
5202,20
5203,18
5204,34
5205,62
5206,46
5207,24
5208,56
5209,25
5210,45
5211,45
5212,40
5213,38
5214,63
5215,23
5216,46
5217,42
5218,59
5219,65
5220,45
5221,50
5222,18
5223,48
5224,19
5225,58
5226,24
5227,46
5228,31
5229,63
5230,26
5231,58
5232,52
5233,58
5234,25
5235,60
5236,39
5237,35
5238,41
5239,52
5240,28
5241,32
5242,35
5243,48
5244,59
5245,62
5246,21
5247,27
5248,29
5249,36
5250,60
5251,37
5252,21
5253,51
5254,44
5255,57
5256,31
5257,44
5258,19
5259,36
5260,21
5261,55
5262,63
5263,26
5264,29
5265,61
5266,55
5267,53
5268,27
5269,51
5270,35
5271,41
5272,24
5273,32
5274,31
5275,52
5276,40
5277,48
5278,51
5279,55
5280,45
5281,59
5282,49
5283,20
5284,33
5285,64
5286,53
5287,53
5288,30
5289,37
5290,38
5291,21
5292,40
5293,54
5294,52
5295,18
5296,20
5297,49
5298,50
5299,48
5300,19
5301,55
5302,44
5303,27
5304,48
5305,38
5306,36
5307,47
5308,20
5309,47
5310,27
5311,26
5312,40
5313,56
5314,20
5315,58
5316,58
5317,38
5318,23
5319,60
5320,54
5321,23
5322,52
5323,21
5324,24
5325,59
5326,29
5327,63
5328,52
5329,45
5330,65
5331,35
5332,37
5333,18
5334,33
5335,24
5336,55
5337,30
5338,64
5339,25
5340,58
5341,60
5342,23
5343,30
5344,52
5345,19
5346,59
5347,27
5348,24
5349,22
5350,49
5351,49
5352,44
5353,24
5354,34
5355,20
5356,44
5357,20
5358,27
5359,26
5360,46
5361,23
5362,65
5363,36
5364,24
5365,56
5366,61
5367,51
5368,28
5369,63
5370,41
5371,46
5372,43
5373,62
5374,34
5375,42
5376,26
5377,23
5378,41
5379,48
5380,63
5381,31
5382,61
5383,55
5384,61
5385,49
5386,51
5387,49
5388,48
5389,33
5390,46
5391,51
5392,20
5393,30
5394,37
5395,40
5396,21
5397,36
5398,22
5399,60
5400,37
5401,64
5402,41
5403,29
5404,51
5405,65
5406,27
5407,33
5408,64
5409,24
5410,20
5411,63
5412,53
5413,53
5414,65
5415,47
5416,60
5417,38
5418,49
5419,33
5420,35
5421,61
5422,52
5423,50
5424,63
5425,61
5426,43
5427,41
5428,50
5429,30
5430,28
5431,26
5432,65
5433,59
5434,36
5435,46
5436,37
5437,23
5438,58
5439,56
5440,21
5441,38
5442,22
5443,54
5444,30
5445,23
5446,29
5447,23
5448,22
5449,31
5450,59
5451,20
5452,18
5453,38
5454,42
5455,42
5456,54
5457,46
5458,29
5459,43
5460,61
5461,23
5462,50
5463,65
5464,38
5465,34
5466,45
5467,48
5468,36
5469,50
5470,46
5471,56
5472,24
5473,56
5474,48
5475,46
5476,58
5477,40
5478,62
5479,46
5480,56
5481,50
5482,54
5483,62
5484,61
5485,57
5486,24
5487,24
5488,61
5489,29
5490,44
5491,28
5492,36
5493,33
5494,57
5495,41
5496,62
5497,65
5498,25
5499,22
5500,27
5501,63
5502,57
5503,39
5504,29
5505,26
5506,32
5507,52
5508,30
5509,62
5510,53
5511,36
5512,25
5513,39
5514,57
5515,62
5516,43
5517,62
5518,65
5519,49
5520,22
5521,58
5522,21
5523,37
5524,60
5525,40
5526,33
5527,59
5528,24
5529,22
5530,48
5531,24
5532,51
5533,37
5534,61
5535,29
5536,65
5537,27
5538,61
5539,54
5540,42
5541,46
5542,42
5543,38
5544,31
5545,62
5546,64
5547,47
5548,56
5549,52
5550,49
5551,34
5552,34
5553,56
5554,57
5555,43
5556,41
5557,65
5558,50
5559,34
5560,46
5561,27
5562,22
5563,32
5564,27
5565,50
5566,53
5567,58
5568,65
5569,61
5570,54
5571,43
5572,43
5573,30
5574,42
5575,57
5576,22
5577,37
5578,20
5579,49
5580,44
5581,51
5582,40
5583,36
5584,36
5585,24
5586,65
5587,42
5588,27
5589,21
5590,37
5591,38
5592,26
5593,18
5594,52
5595,59
5596,18
5597,45
5598,18
5599,46
5600,26
5601,51
5602,21
5603,29
5604,56
5605,38
5606,18
5607,50
5608,50
5609,56
5610,28
5611,18
5612,58
5613,63
5614,22
5615,49
5616,29
5617,21
5618,63
5619,41
5620,41
5621,63
5622,33
5623,25
5624,58
5625,19
5626,22
5627,51
5628,29
5629,64
5630,23
5631,43
5632,61
5633,38
5634,58
5635,22
5636,53
5637,21
5638,34
5639,45
5640,34
5641,49
5642,62
5643,39
5644,54
5645,61
5646,65
5647,22
5648,42
5649,47
5650,25
5651,43
5652,60
5653,57
5654,65
5655,37
5656,53
5657,53
5658,33
5659,63
5660,47
5661,61
5662,58
5663,33
5664,50
5665,19
5666,63
5667,51
5668,31
5669,34
5670,50
5671,50
5672,52
5673,29
5674,26
5675,26
5676,23
5677,56
5678,38
5679,20
5680,34
5681,36
5682,39
5683,63
5684,35
5685,18
5686,40
5687,60
5688,60
5689,59
5690,60
5691,53
5692,58
5693,24
5694,42
5695,65
5696,45
5697,65
5698,19
5699,18
5700,25
5701,40
5702,64
5703,40
5704,33
5705,23
5706,31
5707,53
5708,49
5709,19
5710,31
5711,53
5712,60
5713,58
5714,34
5715,28
5716,42
5717,61
5718,33
5719,29
5720,59
5721,23
5722,26
5723,42
5724,29
5725,65
5726,34
5727,57
5728,35
5729,18
5730,37
5731,56
5732,26
5733,28
5734,18
5735,55
5736,46
5737,58
5738,43
5739,39
5740,40
5741,36
5742,45
5743,27
5744,46
5745,59
5746,48
5747,24
5748,26
5749,28
5750,38
5751,52
5752,38
5753,45
5754,53
5755,20
5756,60
5757,25
5758,18
5759,41
5760,57
5761,48
5762,20
5763,33
5764,21
5765,38
5766,28
5767,65
5768,64
5769,40
5770,27
5771,28
5772,39
5773,34
5774,48
5775,57
5776,28
5777,20
5778,26
5779,38
5780,46
5781,59
5782,51
5783,39
5784,26
5785,28
5786,26
5787,61
5788,57
5789,28
5790,39
5791,40
5792,33
5793,49
5794,40
5795,26
5796,54
5797,27
5798,21
5799,44
5800,43
5801,23
5802,59
5803,59
5804,30
5805,35
5806,22
5807,20
5808,41
5809,62
5810,46
5811,47
5812,60
5813,58
5814,28
5815,23
5816,39
5817,28
5818,26
5819,28
5820,33
5821,42
5822,33
5823,19
5824,26
5825,38
5826,39
5827,35
5828,43
5829,23
5830,55
5831,32
5832,48
5833,39
5834,25
5835,43
5836,34
5837,45
5838,55
5839,18
5840,38
5841,29
5842,40
5843,21
5844,60
5845,36
5846,20
5847,23
5848,30
5849,42
5850,33
5851,55
5852,21
5853,22
5854,50
5855,39
5856,44
5857,48
5858,46
5859,31
5860,60
5861,33
5862,21
5863,64
5864,51
5865,45
5866,44
5867,27
5868,55
5869,27
5870,54
5871,34
5872,47
5873,64
5874,65
5875,58
5876,62
5877,32
5878,45
5879,60
5880,31
5881,64
5882,58
5883,27
5884,58
5885,30
5886,58
5887,21
5888,38
5889,62
5890,35
5891,57
5892,45
5893,41
5894,29
5895,49
5896,49
5897,59
5898,39
5899,47
5900,59
5901,25
5902,28
5903,37
5904,28
5905,54
5906,37
5907,47
5908,64
5909,54
5910,62
5911,18
5912,18
5913,48
5914,38
5915,24
5916,22
5917,21
5918,53
5919,43
5920,60
5921,53
5922,30
5923,61
5924,53
5925,51
5926,48
5927,29
5928,34
5929,29
5930,60
5931,64
5932,33
5933,57
5934,44
5935,45
5936,64
5937,24
5938,28
5939,47
5940,29
5941,41
5942,52
5943,52
5944,55
5945,31
5946,30
5947,32
5948,56
5949,33
5950,48
5951,62
5952,40
5953,50
5954,38
5955,36
5956,35
5957,22
5958,31
5959,60
5960,64
5961,21
5962,24
5963,39
5964,45
5965,53
5966,21
5967,45
5968,46
5969,58
5970,28
5971,37
5972,62
5973,65
5974,33
5975,27
5976,60
5977,54
5978,26
5979,19
5980,27
5981,18
5982,21
5983,60
5984,61
5985,45
5986,60
5987,51
5988,24
5989,65
5990,39
5991,43
5992,61
5993,30
5994,52
5995,54
5996,20
5997,40
5998,43
5999,59
6000,34
6001,18
6002,58
6003,61
6004,24
6005,32
6006,53
6007,20
6008,19
6009,58
6010,31
6011,62
6012,18
6013,55
6014,19
6015,29
6016,46
6017,27
6018,60
6019,31
6020,38
6021,61
6022,28
6023,53
6024,28
6025,59
6026,65
6027,28
6028,43
6029,64
6030,59
6031,61
6032,47
6033,58
6034,50
6035,53
6036,41
6037,37
6038,28
6039,57
6040,64
6041,31
6042,60
6043,33
6044,61
6045,61
6046,62
6047,56
6048,47
6049,38
6050,32
6051,52
6052,18
6053,46
6054,40
6055,53
6056,32
6057,53
6058,65
6059,23
6060,38
6061,41
6062,48
6063,34
6064,43
6065,33
6066,33
6067,20
6068,31
6069,55
6070,63
6071,20
6072,42
6073,44
6074,33
6075,59
6076,49
6077,51
6078,41
6079,58
6080,25
6081,56
6082,40
6083,30
6084,46
6085,18
6086,37
6087,46
6088,63
6089,36
6090,62
6091,19
6092,50
6093,31
6094,61
6095,65
6096,46
6097,58
6098,60
6099,27
6100,58
6101,50
6102,45
6103,54
6104,58
6105,43
6106,53
6107,64
6108,22
6109,47
6110,29
6111,23
6112,59
6113,64
6114,59
6115,25
6116,41
6117,34
6118,34
6119,39
6120,37
6121,32
6122,22
6123,49
6124,64
6125,35
6126,36
6127,62
6128,49
6129,32
6130,63
6131,37
6132,57
6133,28
6134,38
6135,30
6136,40
6137,24
6138,59
6139,52
6140,22
6141,29
6142,60
6143,51
6144,19
6145,23
6146,53
6147,44
6148,47
6149,54
6150,46
6151,54
6152,64
6153,65
6154,47
6155,42
6156,64
6157,62
6158,40
6159,64
6160,26
6161,65
6162,18
6163,26
6164,59
6165,57
6166,27
6167,61
6168,41
6169,31
6170,37
6171,61
6172,53
6173,21
6174,40
6175,44
6176,59
6177,44
6178,30
6179,24
6180,49
6181,45
6182,41
6183,56
6184,25
6185,34
6186,29
6187,34
6188,37
6189,56
6190,31
6191,29
6192,58
6193,35
6194,60
6195,42
6196,47
6197,39
6198,61
6199,26
6200,27
6201,23
6202,54
6203,61
6204,52
6205,24
6206,56
6207,46
6208,26
6209,64
6210,19
6211,30
6212,33
6213,46
6214,28
6215,33
6216,52
6217,51
6218,51
6219,43
6220,45
6221,54
6222,49
6223,53
6224,47
6225,23
6226,42
6227,48
6228,51
6229,22
6230,34
6231,22
6232,63
6233,22
6234,20
6235,18
6236,61
6237,21
6238,48
6239,28
6240,37
6241,18
6242,54
6243,54
6244,65
6245,41
6246,44
6247,42
6248,64
6249,21
6250,44
6251,26
6252,65
6253,58
6254,21
6255,63
6256,52
6257,46
6258,31
6259,19
6260,57
6261,53
6262,40
6263,45
6264,24
6265,24
6266,20
6267,29
6268,54
6269,41
6270,34
6271,57
6272,42
6273,41
6274,34
6275,28
6276,49
6277,49
6278,51
6279,22
6280,59
6281,19
6282,44
6283,46
6284,33
6285,54
6286,43
6287,55
6288,46
6289,57
6290,49
6291,20
6292,52
6293,23
6294,55
6295,58
6296,54
6297,52
6298,56
6299,20
6300,45
6301,26
6302,65
6303,38
6304,38
6305,31
6306,62
6307,65
6308,48
6309,18
6310,27
6311,53
6312,52
6313,34
6314,55
6315,44
6316,39
6317,36
6318,43
6319,20
6320,24
6321,55
6322,30
6323,50
6324,46
6325,39
6326,49
6327,57
6328,59
6329,28
6330,26
6331,54
6332,40
6333,36
6334,34
6335,62
6336,43
6337,20
6338,64
6339,22
6340,49
6341,30
6342,28
6343,60
6344,59
6345,45
6346,52
6347,45
6348,43
6349,28
6350,32
6351,38
6352,46
6353,26
6354,60
6355,30
6356,44
6357,60
6358,43
6359,43
6360,48
6361,29
6362,22
6363,45
6364,28
6365,28
6366,31
6367,21
6368,39
6369,21
6370,45
6371,57
6372,34
6373,54
6374,50
6375,42
6376,39
6377,25
6378,46
6379,47
6380,61
6381,54
6382,28
6383,48
6384,22
6385,64
6386,60
6387,21
6388,46
6389,23
6390,52
6391,50
6392,47
6393,30
6394,63
6395,34
6396,39
6397,54
6398,58
6399,48
6400,51
6401,56
6402,45
6403,35
6404,56
6405,31
6406,25
6407,40
6408,45
6409,24
6410,28
6411,20
6412,30
6413,25
6414,38
6415,40
6416,45
6417,56
6418,62
6419,45
6420,21
6421,39
6422,58
6423,37
6424,43
6425,62
6426,42
6427,60
6428,38
6429,35
6430,44
6431,36
6432,63
6433,63
6434,39
6435,25
6436,58
6437,56
6438,32
6439,34
6440,28
6441,53
6442,62
6443,35
6444,18
6445,61
6446,44
6447,19
6448,37
6449,61
6450,61
6451,22
6452,49
6453,29
6454,41
6455,33
6456,52
6457,30
6458,36
6459,18
6460,62
6461,64
6462,54
6463,32
6464,19
6465,56
6466,41
6467,62
6468,35
6469,41
6470,62
6471,61
6472,47
6473,34
6474,30
6475,51
6476,42
6477,39
6478,33
6479,48
6480,52
6481,28
6482,51
6483,52
6484,29
6485,20
6486,37
6487,53
6488,18
6489,27
6490,63
6491,27
6492,38
6493,46
6494,53
6495,33
6496,44
6497,38
6498,22
6499,34
6500,19
6501,33
6502,51
6503,31
6504,47
6505,58
6506,18
6507,30
6508,54
6509,40
6510,31
6511,50
6512,34
6513,22
6514,50
6515,26
6516,60
6517,61
6518,23
6519,55
6520,41
6521,62
6522,38
6523,43
6524,49
6525,19
6526,29
6527,48
6528,20
6529,47
6530,20
6531,40
6532,21
6533,46
6534,64
6535,43
6536,18
6537,46
6538,23
6539,40
6540,51
6541,36
6542,58
6543,40
6544,59
6545,52
6546,46
6547,59
6548,50
6549,47
6550,49
6551,65
6552,25
6553,51
6554,33
6555,63
6556,23
6557,57
6558,21
6559,24
6560,21
6561,29
6562,26
6563,65
6564,46
6565,28
6566,19
6567,61
6568,33
6569,64
6570,36
6571,48
6572,40
6573,26
6574,30
6575,40
6576,56
6577,34
6578,35
6579,27
6580,43
6581,49
6582,34
6583,28
6584,57
6585,43
6586,22
6587,42
6588,26
6589,48
6590,41
6591,37
6592,58
6593,61
6594,56
6595,57
6596,19
6597,38
6598,29
6599,45
6600,47
6601,22
6602,22
6603,34
6604,23
6605,60
6606,53
6607,41
6608,30
6609,56
6610,19
6611,58
6612,64
6613,29
6614,63
6615,54
6616,25
6617,43
6618,18
6619,45
6620,32
6621,57
6622,65
6623,48
6624,22
6625,62
6626,38
6627,34
6628,52
6629,55
6630,59
6631,37
6632,63
6633,29
6634,50
6635,18
6636,58
6637,24
6638,22
6639,39
6640,59
6641,60
6642,19
6643,35
6644,33
6645,57
6646,34
6647,52
6648,26
6649,44
6650,36
6651,42
6652,25
6653,57
6654,33
6655,28
6656,42
6657,45
6658,56
6659,61
6660,18
6661,18
6662,18
6663,54
6664,44
6665,51
6666,40
6667,53
6668,32
6669,27
6670,31
6671,31
6672,42
6673,46
6674,23
6675,56
6676,50
6677,31
6678,25
6679,35
6680,45
6681,34
6682,18
6683,20
6684,53
6685,48
6686,46
6687,46
6688,19
6689,39
6690,51
6691,34
6692,28
6693,32
6694,54
6695,19
6696,18
6697,21
6698,48
6699,48
6700,62
6701,39
6702,31
6703,62
6704,19
6705,61
6706,40
6707,34
6708,19
6709,31
6710,52
6711,40
6712,29
6713,27
6714,64
6715,29
6716,59
6717,63
6718,40
6719,47
6720,35
6721,32
6722,59
6723,22
6724,39
6725,63
6726,65
6727,24
6728,50
6729,60
6730,50
6731,22
6732,19
6733,22
6734,28
6735,38
6736,48
6737,19
6738,37
6739,37
6740,35
6741,55
6742,28
6743,63
6744,43
6745,38
6746,56
6747,18
6748,59
6749,27
6750,30
6751,32
6752,28
6753,25
6754,53
6755,38
6756,37
6757,39
6758,54
6759,30
6760,61
6761,60
6762,24
6763,63
6764,53
6765,41
6766,27
6767,43
6768,21
6769,63
6770,59
6771,29
6772,26
6773,59
6774,42
6775,59
6776,30
6777,36
6778,23
6779,44
6780,40
6781,29
6782,18
6783,58
6784,41
6785,62
6786,46
6787,19
6788,62
6789,48
6790,34
6791,61
6792,34
6793,25
6794,50
6795,65
6796,61
6797,35
6798,46
6799,31
6800,41
6801,41
6802,56
6803,38
6804,59
6805,39
6806,35
6807,27
6808,24
6809,56
6810,51
6811,26
6812,38
6813,48
6814,35
6815,55
6816,28
6817,25
6818,46
6819,35
6820,22
6821,36
6822,27
6823,27
6824,27
6825,34
6826,62
6827,52
6828,21
6829,35
6830,55
6831,60
6832,50
6833,53
6834,60
6835,54
6836,37
6837,29
6838,27
6839,31
6840,44
6841,62
6842,27
6843,45
6844,46
6845,22
6846,44
6847,40
6848,57
6849,29
6850,20
6851,46
6852,51
6853,46
6854,63
6855,18
6856,33
6857,23
6858,20
6859,52
6860,38
6861,59
6862,59
6863,25
6864,51
6865,21
6866,27
6867,60
6868,30
6869,44
6870,61
6871,40
6872,59
6873,61
6874,59
6875,27
6876,23
6877,24
6878,45
6879,62
6880,31
6881,39
6882,28
6883,29
6884,65
6885,65
6886,46
6887,50
6888,51
6889,64
6890,64
6891,49
6892,56
6893,40
6894,61
6895,64
6896,34
6897,36
6898,44
6899,42
6900,39
6901,45
6902,36
6903,37
6904,61
6905,49
6906,25
6907,34
6908,22
6909,40
6910,21
6911,33
6912,51
6913,25
6914,47
6915,52
6916,61
6917,65
6918,46
6919,32
6920,64
6921,43
6922,48
6923,30
6924,24
6925,41
6926,63
6927,28
6928,36
6929,58
6930,48
6931,18
6932,65
6933,64
6934,58
6935,29
6936,51
6937,29
6938,18
6939,37
6940,24
6941,25
6942,28
6943,50
6944,53
6945,28
6946,51
6947,21
6948,30
6949,33
6950,44
6951,37
6952,45
6953,51
6954,65
6955,33
6956,53
6957,52
6958,49
6959,54
6960,36
6961,49
6962,24
6963,50
6964,27
6965,61
6966,43
6967,45
6968,23
6969,60
6970,24
6971,41
6972,64
6973,54
6974,50
6975,64
6976,26
6977,62
6978,45
6979,44
6980,36
6981,35
6982,44
6983,51
6984,43
6985,27
6986,53
6987,30
6988,48
6989,54
6990,42
6991,49
6992,19
6993,55
6994,54
6995,51
6996,59
6997,46
6998,52
6999,30
7000,20
7001,23
7002,32
7003,24
7004,41
7005,34
7006,50
7007,57
7008,58
7009,51
7010,45
7011,48
7012,21
7013,49
7014,37
7015,24
7016,20
7017,64
7018,35
7019,28
7020,39
7021,54
7022,44
7023,29
7024,31
7025,21
7026,27
7027,65
7028,56
7029,43
7030,53
7031,64
7032,18
7033,44
7034,62
7035,44
7036,53
7037,33
7038,59
7039,50
7040,19
7041,54
7042,21
7043,24
7044,33
7045,34
7046,22
7047,29
7048,43
7049,27
7050,20
7051,64
7052,25
7053,33
7054,19
7055,51
7056,45
7057,27
7058,41
7059,64
7060,64
7061,37
7062,49
7063,39
7064,56
7065,63
7066,65
7067,37
7068,32
7069,40
7070,35
7071,49
7072,44
7073,46
7074,24
7075,61
7076,54
7077,23
7078,31
7079,63
7080,54
7081,25
7082,56
7083,52
7084,26
7085,47
7086,36
7087,48
7088,45
7089,43
7090,53
7091,29
7092,21
7093,37
7094,30
7095,57
7096,18
7097,63
7098,62
7099,62
7100,35
7101,39
7102,21
7103,41
7104,38
7105,25
7106,54
7107,59
7108,47
7109,43
7110,46
7111,39
7112,57
7113,49
7114,25
7115,43
7116,37
7117,34
7118,52
7119,25
7120,37
7121,20
7122,54
7123,31
7124,51
7125,27
7126,47
7127,49
7128,30
7129,57
7130,56
7131,22
7132,40
7133,22
7134,62
7135,47
7136,22
7137,32
7138,55
7139,47
7140,40
7141,27
7142,18
7143,62
7144,51
7145,45
7146,53
7147,40
7148,32
7149,28
7150,48
7151,35
7152,19
7153,51
7154,37
7155,64
7156,35
7157,22
7158,48
7159,47
7160,20
7161,53
7162,47
7163,53
7164,29
7165,49
7166,22
7167,21
7168,29
7169,56
7170,20
7171,56
7172,65
7173,29
7174,50
7175,40
7176,25
7177,61
7178,62
7179,62
7180,49
7181,25
7182,25
7183,42
7184,50
7185,52
7186,60
7187,44
7188,46
7189,34
7190,41
7191,21
7192,22
7193,43
7194,35
7195,58
7196,40
7197,23
7198,43
7199,35
7200,62
7201,33
7202,53
7203,29
7204,23
7205,57
7206,24
7207,60
7208,24
7209,24
7210,43
7211,21
7212,40
7213,41
7214,60
7215,57
7216,42
7217,30
7218,47
7219,54
7220,62
7221,18
7222,43
7223,63
7224,34
7225,57
7226,26
7227,32
7228,22
7229,61
7230,26
7231,56
7232,60
7233,64
7234,55
7235,53
7236,42
7237,60
7238,41
7239,46
7240,26
7241,47
7242,29
7243,63
7244,22
7245,30
7246,54
7247,20
7248,30
7249,19
7250,55
7251,43
7252,57
7253,49
7254,27
7255,27
7256,42
7257,50
7258,52
7259,38
7260,25
7261,33
7262,57
7263,60
7264,20
7265,47
7266,62
7267,47
7268,33
7269,21
7270,53
7271,63
7272,28
7273,18
7274,43
7275,38
7276,49
7277,59
7278,45
7279,21
7280,26
7281,32
7282,63
7283,43
7284,25
7285,65
7286,50
7287,26
7288,33
7289,46
7290,52
7291,24
7292,23
7293,38
7294,60
7295,31
7296,26
7297,56
7298,34
7299,37
7300,50
7301,21
7302,29
7303,65
7304,28
7305,18
7306,19
7307,24
7308,35
7309,50
7310,37
7311,44
7312,63
7313,35
7314,52
7315,29
7316,40
7317,64
7318,39
7319,39
7320,50
7321,55
7322,45
7323,22
7324,53
7325,56
7326,46
7327,24
7328,63
7329,32
7330,49
7331,35
7332,19
7333,35
7334,42
7335,48
7336,52
7337,52
7338,29
7339,22
7340,50
7341,19
7342,46
7343,43
7344,23
7345,38
7346,49
7347,24
7348,56
7349,43
7350,24
7351,28
7352,39
7353,26
7354,18
7355,26
7356,30
7357,30
7358,36
7359,36
7360,50
7361,40
7362,65
7363,27
7364,48
7365,54
7366,59
7367,59
7368,58
7369,37
7370,24
7371,62
7372,21
7373,34
7374,39
7375,22
7376,52
7377,19
7378,43
7379,57
7380,61
7381,61
7382,31
7383,60
7384,51
7385,33
7386,29
7387,20
7388,47
7389,44
7390,62
7391,41
7392,57
7393,41
7394,21
7395,36
7396,18
7397,28
7398,62
7399,28
7400,25
7401,19
7402,42
7403,43
7404,43
7405,65
7406,33
7407,38
7408,36
7409,45
7410,18
7411,21
7412,42
7413,19
7414,48
7415,31
7416,27
7417,49
7418,55
7419,52
7420,19
7421,51
7422,23
7423,61
7424,18
7425,46
7426,47
7427,43
7428,26
7429,59
7430,43
7431,19
7432,59
7433,39
7434,55
7435,56
7436,62
7437,60
7438,56
7439,51
7440,57
7441,49
7442,39
7443,57
7444,45
7445,48
7446,39
7447,20
7448,48
7449,45
7450,44
7451,45
7452,62
7453,43
7454,19
7455,32
7456,19
7457,55
7458,35
7459,31
7460,61
7461,18
7462,62
7463,19
7464,50
7465,37
7466,39
7467,50
7468,36
7469,25
7470,46
7471,22
7472,59
7473,53
7474,24
7475,21
7476,19
7477,37
7478,22
7479,33
7480,36
7481,34
7482,53
7483,24
7484,56
7485,63
7486,18
7487,28
7488,59
7489,45
7490,59
7491,33
7492,47
7493,28
7494,57
7495,48
7496,41
7497,31
7498,39
7499,27
7500,43
7501,25
7502,18
7503,43
7504,42
7505,20
7506,65
7507,56
7508,43
7509,55
7510,39
7511,35
7512,50
7513,40
7514,59
7515,31
7516,48
7517,64
7518,49
7519,25
7520,18
7521,65
7522,55
7523,29
7524,57
7525,62
7526,18
7527,42
7528,22
7529,40
7530,30
7531,44
7532,47
7533,23
7534,48
7535,24
7536,53
7537,33
7538,38
7539,19
7540,63
7541,53
7542,21
7543,38
7544,51
7545,54
7546,63
7547,20
7548,37
7549,31
7550,52
7551,51
7552,29
7553,51
7554,49
7555,37
7556,47
7557,38
7558,35
7559,27
7560,43
7561,20
7562,26
7563,65
7564,54
7565,62
7566,59
7567,21
7568,52
7569,59
7570,26
7571,60
7572,56
7573,37
7574,19
7575,20
7576,41
7577,51
7578,30
7579,37
7580,45
7581,47
7582,47
7583,63
7584,20
7585,58
7586,51
7587,21
7588,40
7589,63
7590,50
7591,46
7592,62
7593,36
7594,23
7595,30
7596,61
7597,33
7598,43
7599,28
7600,61
7601,60
7602,35
7603,34
7604,46
7605,41
7606,47
7607,56
7608,55
7609,28
7610,64
7611,45
7612,19
7613,23
7614,34
7615,39
7616,51
7617,25
7618,38
7619,65
7620,52
7621,60
7622,50
7623,30
7624,25
7625,43
7626,40
7627,32
7628,52
7629,46
7630,45
7631,42
7632,52
7633,62
7634,63
7635,29
7636,65
7637,39
7638,43
7639,45
7640,21
7641,58
7642,26
7643,47
7644,43
7645,38
7646,54
7647,46
7648,20
7649,46
7650,56
7651,28
7652,26
7653,24
7654,48
7655,62
7656,25
7657,55
7658,42
7659,49
7660,59
7661,20
7662,31
7663,51
7664,46
7665,43
7666,28
7667,39
7668,56
7669,35
7670,56
7671,55
7672,65
7673,46
7674,59
7675,21
7676,47
7677,35
7678,44
7679,64
7680,20
7681,25
7682,20
7683,23
7684,48
7685,37
7686,40
7687,19
7688,32
7689,64
7690,40
7691,63
7692,47
7693,57
7694,55
7695,64
7696,45
7697,28
7698,36
7699,62
7700,58
7701,46
7702,22
7703,27
7704,51
7705,47
7706,23
7707,34
7708,51
7709,38
7710,58
7711,47
7712,61
7713,37
7714,47
7715,56
7716,19
7717,47
7718,33
7719,22
7720,65
7721,56
7722,24
7723,23
7724,42
7725,24
7726,50
7727,58
7728,18
7729,39
7730,58
7731,48
7732,26
7733,49
7734,55
7735,61
7736,49
7737,47
7738,56
7739,65
7740,42
7741,61
7742,40
7743,57
7744,55
7745,23
7746,42
7747,24
7748,52
7749,34
7750,52
7751,21
7752,33
7753,36
7754,54
7755,59
7756,61
7757,63
7758,40
7759,32
7760,26
7761,53
7762,24
7763,25
7764,42
7765,33
7766,63
7767,38
7768,34
7769,26
7770,59
7771,64
7772,50
7773,64
7774,40
7775,32
7776,54
7777,39
7778,52
7779,42
7780,20
7781,50
7782,37
7783,56
7784,51
7785,20
7786,41
7787,41
7788,18
7789,28
7790,60
7791,57
7792,45
7793,61
7794,47
7795,29
7796,32
7797,28
7798,54
7799,19
7800,35
7801,50
7802,42
7803,23
7804,38
7805,40
7806,18
7807,39
7808,18
7809,49
7810,50
7811,61
7812,50
7813,59
7814,19
7815,59
7816,62
7817,46
7818,54
7819,35
7820,41
7821,41
7822,55
7823,48
7824,35
7825,38
7826,18
7827,36
7828,36
7829,38
7830,33
7831,43
7832,42
7833,50
7834,51
7835,27
7836,39
7837,58
7838,56
7839,31
7840,37
7841,23
7842,61
7843,65
7844,64
7845,28
7846,30
7847,32
7848,19
7849,51
7850,55
7851,29
7852,33
7853,36
7854,45
7855,52
7856,37
7857,30
7858,55
7859,37
7860,18
7861,29
7862,24
7863,35
7864,50
7865,31
7866,26
7867,33
7868,36
7869,65
7870,49
7871,44
7872,31
7873,45
7874,39
7875,28
7876,51
7877,48
7878,24
7879,18
7880,54
7881,20
7882,48
7883,30
7884,62
7885,41
7886,25
7887,42
7888,40
7889,23
7890,62
7891,30
7892,27
7893,30
7894,63
7895,53
7896,34
7897,29
7898,31
7899,30
7900,30
7901,52
7902,56
7903,45
7904,52
7905,47
7906,43
7907,36
7908,38
7909,51
7910,38
7911,50
7912,47
7913,21
7914,47
7915,34
7916,29
7917,20
7918,58
7919,25
7920,60
7921,33
7922,62
7923,52
7924,43
7925,37
7926,25
7927,30
7928,46
7929,32
7930,19
7931,60
7932,22
7933,51
7934,33
7935,34
7936,55
7937,56
7938,53
7939,24
7940,49
7941,47
7942,60
7943,50
7944,61
7945,27
7946,52
7947,22
7948,63
7949,19
7950,62
7951,19
7952,61
7953,24
7954,48
7955,23
7956,35
7957,41
7958,64
7959,25
7960,46
7961,60
7962,46
7963,41
7964,29
7965,30
7966,60
7967,53
7968,48
7969,64
7970,26
7971,63
7972,50
7973,63
7974,20
7975,20
7976,24
7977,44
7978,45
7979,39
7980,46
7981,51
7982,18
7983,62
7984,28
7985,49
7986,62
7987,54
7988,23
7989,33
7990,59
7991,31
7992,42
7993,39
7994,43
7995,36
7996,54
7997,30
7998,58
7999,53
8000,35
8001,53
8002,24
8003,56
8004,34
8005,62
8006,64
8007,50
8008,57
8009,55
8010,58
8011,26
8012,49
8013,39
8014,52
8015,41
8016,47
8017,39
8018,28
8019,36
8020,18
8021,49
8022,50
8023,30
8024,61
8025,34
8026,65
8027,47
8028,36
8029,30
8030,60
8031,29
8032,62
8033,60
8034,31
8035,37
8036,24
8037,46
8038,54
8039,59
8040,55
8041,30
8042,43
8043,50
8044,44
8045,58
8046,45
8047,41
8048,61
8049,59
8050,51
8051,56
8052,65
8053,30
8054,39
8055,59
8056,65
8057,22
8058,24
8059,60
8060,54
8061,56
8062,19
8063,38
8064,48
8065,40
8066,58
8067,23
8068,64
8069,44
8070,53
8071,60
8072,52
8073,46
8074,19
8075,53
8076,47
8077,57
8078,22
8079,52
8080,28
8081,40
8082,29
8083,28
8084,24
8085,35
8086,31
8087,51
8088,57
8089,34
8090,19
8091,42
8092,33
8093,34
8094,31
8095,53
8096,52
8097,47
8098,54
8099,45
8100,21
8101,35
8102,49
8103,48
8104,53
8105,64
8106,23
8107,63
8108,37
8109,25
8110,26
8111,53
8112,28
8113,45
8114,28
8115,42
8116,24
8117,42
8118,58
8119,64
8120,22
8121,31
8122,28
8123,48
8124,38
8125,50
8126,40
8127,48
8128,19
8129,64
8130,65
8131,49
8132,30
8133,38
8134,56
8135,18
8136,49
8137,43
8138,34
8139,23
8140,29
8141,20
8142,55
8143,45
8144,44
8145,59
8146,56
8147,61
8148,57
8149,52
8150,28
8151,21
8152,24
8153,38
8154,65
8155,39
8156,40
8157,61
8158,57
8159,33
8160,30
8161,51
8162,31
8163,18
8164,40
8165,53
8166,58
8167,26
8168,57
8169,49
8170,22
8171,65
8172,21
8173,38
8174,63
8175,48
8176,53
8177,28
8178,21
8179,46
8180,53
8181,50
8182,38
8183,52
8184,56
8185,52
8186,37
8187,64
8188,56
8189,63
8190,48
8191,57
8192,47
8193,48
8194,30
8195,20
8196,64
8197,49
8198,53
8199,31
8200,57
8201,55
8202,52
8203,42
8204,27
8205,49
8206,34
8207,37
8208,37
8209,58
8210,24
8211,18
8212,56
8213,43
8214,39
8215,60
8216,48
8217,33
8218,25
8219,43
8220,41
8221,44
8222,19
8223,65
8224,51
8225,28
8226,28
8227,28
8228,24
8229,49
8230,38
8231,39
8232,46
8233,46
8234,47
8235,35
8236,57
8237,29
8238,18
8239,52
8240,62
8241,64
8242,23
8243,46
8244,30
8245,56
8246,26
8247,59
8248,65
8249,44
8250,39
8251,62
8252,46
8253,55
8254,33
8255,40
8256,25
8257,20
8258,36
8259,46
8260,59
8261,62
8262,43
8263,56
8264,62
8265,46
8266,41
8267,65
8268,27
8269,37
8270,51
8271,23
8272,54
8273,19
8274,31
8275,49
8276,48
8277,28
8278,28
8279,64
8280,64
8281,52
8282,60
8283,52
8284,24
8285,65
8286,61
8287,63
8288,30
8289,53
8290,45
8291,61
8292,45
8293,65
8294,33
8295,61
8296,65
8297,21
8298,31
8299,55
8300,42
8301,36
8302,37
8303,44
8304,52
8305,57
8306,45
8307,51
8308,44
8309,41
8310,62
8311,27
8312,19
8313,22
8314,47
8315,33
8316,61
8317,29
8318,34
8319,23
8320,42
8321,27
8322,35
8323,43
8324,46
8325,62
8326,59
8327,20
8328,24
8329,40
8330,64
8331,58
8332,65
8333,43
8334,28
8335,23
8336,52
8337,39
8338,21
8339,46
8340,34
8341,20
8342,22
8343,35
8344,40
8345,50
8346,18
8347,60
8348,54
8349,28
8350,26
8351,61
8352,51
8353,34
8354,34
8355,60
8356,54
8357,40
8358,64
8359,60
8360,49
8361,35
8362,41
8363,37
8364,52
8365,44
8366,19
8367,18
8368,33
8369,48
8370,27
8371,56
8372,59
8373,19
8374,35
8375,41
8376,63
8377,46
8378,55
8379,22
8380,36
8381,27
8382,50
8383,30
8384,50
8385,45
8386,59
8387,36
8388,34
8389,41
8390,57
8391,25
8392,30
8393,59
8394,31
8395,29
8396,59
8397,46
8398,19
8399,31
8400,45
8401,57
8402,58
8403,47
8404,34
8405,59
8406,63
8407,32
8408,39
8409,61
8410,65
8411,26
8412,44
8413,36
8414,24
8415,32
8416,22
8417,40
8418,37
8419,65
8420,27
8421,28
8422,31
8423,53
8424,35
8425,41
8426,40
8427,56
8428,37
8429,47
8430,34
8431,55
8432,20
8433,48
8434,56
8435,38
8436,52
8437,40
8438,44
8439,26
8440,38
8441,18
8442,61
8443,32
8444,55
8445,27
8446,41
8447,48
8448,59
8449,26
8450,52
8451,59
8452,64
8453,39
8454,64
8455,24
8456,20
8457,20
8458,25
8459,43
8460,60
8461,21
8462,21
8463,45
8464,30
8465,53
8466,31
8467,53
8468,35
8469,33
8470,25
8471,23
8472,31
8473,28
8474,19
8475,65
8476,57
8477,62
8478,31
8479,20
8480,26
8481,65
8482,55
8483,31
8484,48
8485,47
8486,54
8487,50
8488,46
8489,64
8490,20
8491,33
8492,45
8493,54
8494,59
8495,28
8496,49
8497,37
8498,21
8499,27
8500,62
8501,30
8502,37
8503,42
8504,21
8505,54
8506,37
8507,44
8508,34
8509,35
8510,24
8511,38
8512,38
8513,49
8514,49
8515,65
8516,27
8517,28
8518,47
8519,21
8520,59
8521,39
8522,22
8523,54
8524,22
8525,59
8526,63
8527,36
8528,44
8529,37
8530,30
8531,29
8532,59
8533,24
8534,53
8535,25
8536,47
8537,60
8538,20
8539,64
8540,61
8541,58
8542,63
8543,63
8544,35
8545,43
8546,63
8547,45
8548,64
8549,42
8550,35
8551,50
8552,26
8553,64
8554,29
8555,43
8556,64
8557,18
8558,31
8559,26
8560,65
8561,50
8562,25
8563,53
8564,49
8565,21
8566,19
8567,37
8568,28
8569,19
8570,35
8571,24
8572,20
8573,34
8574,27
8575,18
8576,37
8577,18
8578,28
8579,61
8580,51
8581,20
8582,58
8583,38
8584,62
8585,50
8586,53
8587,33
8588,35
8589,25
8590,31
8591,53
8592,51
8593,29
8594,38
8595,35
8596,56
8597,48
8598,56
8599,55
8600,27
8601,40
8602,42
8603,30
8604,45
8605,44
8606,64
8607,64
8608,36
8609,25
8610,32
8611,49
8612,57
8613,53
8614,18
8615,50
8616,55
8617,65
8618,47
8619,61
8620,56
8621,60
8622,48
8623,37
8624,35
8625,33
8626,49
8627,36
8628,42
8629,18
8630,48
8631,36
8632,41
8633,65
8634,35
8635,45
8636,54
8637,56
8638,34
8639,29
8640,42
8641,46
8642,54
8643,28
8644,51
8645,34
8646,24
8647,50
8648,47
8649,25
8650,40
8651,57
8652,26
8653,59
8654,19
8655,21
8656,38
8657,23
8658,49
8659,43
8660,26
8661,18
8662,59
8663,27
8664,42
8665,51
8666,37
8667,62
8668,64
8669,46
8670,56
8671,24
8672,30
8673,36
8674,25
8675,27
8676,35
8677,25
8678,44
8679,26
8680,42
8681,53
8682,23
8683,57
8684,54
8685,38
8686,23
8687,65
8688,54
8689,56
8690,60
8691,27
8692,39
8693,60
8694,24
8695,28
8696,34
8697,41
8698,51
8699,23
8700,40
8701,32
8702,44
8703,61
8704,41
8705,65
8706,30
8707,46
8708,35
8709,40
8710,40
8711,40
8712,38
8713,33
8714,32
8715,49
8716,65
8717,53
8718,25
8719,64
8720,34
8721,63
8722,34
8723,63
8724,23
8725,59
8726,31
8727,24
8728,58
8729,56
8730,57
8731,46
8732,63
8733,44
8734,25
8735,30
8736,63
8737,54
8738,24
8739,62
8740,62
8741,35
8742,37
8743,65
8744,55
8745,33
8746,26
8747,22
8748,46
8749,26
8750,57
8751,41
8752,26
8753,31
8754,21
8755,26
8756,63
8757,62
8758,57
8759,22
8760,34
8761,27
8762,51
8763,18
8764,58
8765,59
8766,39
8767,27
8768,62
8769,26
8770,32
8771,56
8772,29
8773,42
8774,41
8775,45
8776,59
8777,24
8778,27
8779,25
8780,60
8781,51
8782,22
8783,26
8784,52
8785,65
8786,40
8787,20
8788,56
8789,41
8790,42
8791,56
8792,62
8793,35
8794,35
8795,47
8796,38
8797,35
8798,53
8799,46
8800,27
8801,38
8802,65
8803,50
8804,65
8805,60
8806,54
8807,39
8808,47
8809,57
8810,37
8811,27
8812,21
8813,27
8814,38
8815,61
8816,49
8817,48
8818,45
8819,32
8820,46
8821,28
8822,53
8823,64
8824,25
8825,60
8826,42
8827,64
8828,31
8829,53
8830,24
8831,35
8832,29
8833,37
8834,65
8835,42
8836,18
8837,51
8838,30
8839,54
8840,48
8841,32
8842,54
8843,42
8844,60
8845,33
8846,37
8847,33
8848,40
8849,23
8850,61
8851,36
8852,54
8853,39
8854,30
8855,57
8856,44
8857,50
8858,51
8859,50
8860,38
8861,50
8862,61
8863,60
8864,42
8865,36
8866,33
8867,33
8868,49
8869,29
8870,45
8871,23
8872,51
8873,47
8874,41
8875,35
8876,57
8877,61
8878,51
8879,22
8880,64
8881,52
8882,33
8883,55
8884,62
8885,45
8886,53
8887,41
8888,23
8889,53
8890,49
8891,29
8892,33
8893,39
8894,47
8895,30
8896,63
8897,19
8898,42
8899,35
8900,47
8901,30
8902,48
8903,21
8904,44
8905,48
8906,30
8907,51
8908,38
8909,50
8910,30
8911,35
8912,51
8913,43
8914,48
8915,28
8916,59
8917,51
8918,38
8919,40
8920,29
8921,58
8922,33
8923,57
8924,52
8925,46
8926,19
8927,55
8928,60
8929,22
8930,43
8931,30
8932,54
8933,20
8934,50
8935,23
8936,22
8937,19
8938,22
8939,61
8940,53
8941,39
8942,35
8943,43
8944,38
8945,39
8946,30
8947,24
8948,32
8949,57
8950,60
8951,42
8952,43
8953,38
8954,20
8955,31
8956,50
8957,64
8958,63
8959,57
8960,36
8961,54
8962,65
8963,54
8964,46
8965,40
8966,44
8967,47
8968,21
8969,51
8970,63
8971,18
8972,28
8973,33
8974,41
8975,36
8976,34
8977,43
8978,45
8979,51
8980,51
8981,50
8982,52
8983,34
8984,55
8985,23
8986,48
8987,25
8988,32
8989,51
8990,64
8991,47
8992,25
8993,33
8994,64
8995,65
8996,25
8997,46
8998,52
8999,29
9000,60
9001,29
9002,33
9003,47
9004,49
9005,19
9006,20
9007,53
9008,27
9009,56
9010,54
9011,32
9012,19
9013,48
9014,37
9015,28
9016,24
9017,29
9018,36
9019,18
9020,57
9021,42
9022,41
9023,61
9024,51
9025,61
9026,40
9027,19
9028,57
9029,56
9030,42
9031,65
9032,21
9033,50
9034,21
9035,25
9036,21
9037,62
9038,24
9039,57
9040,62
9041,36
9042,60
9043,41
9044,54
9045,58
9046,33
9047,52
9048,18
9049,21
9050,35
9051,33
9052,21
9053,41
9054,48
9055,48
9056,20
9057,39
9058,49
9059,25
9060,35
9061,36
9062,59
9063,60
9064,64
9065,65
9066,24
9067,41
9068,57
9069,30
9070,49
9071,40
9072,29
9073,18
9074,19
9075,39
9076,38
9077,40
9078,21
9079,62
9080,35
9081,60
9082,45
9083,27
9084,51
9085,38
9086,23
9087,47
9088,29
9089,64
9090,20
9091,28
9092,56
9093,27
9094,64
9095,27
9096,55
9097,41
9098,55
9099,23
9100,53
9101,25
9102,56
9103,47
9104,65
9105,39
9106,34
9107,35
9108,30
9109,62
9110,26
9111,22
9112,52
9113,31
9114,47
9115,38
9116,49
9117,27
9118,42
9119,39
9120,38
9121,58
9122,60
9123,31
9124,18
9125,47
9126,42
9127,58
9128,37
9129,37
9130,29
9131,28
9132,27
9133,18
9134,19
9135,46
9136,34
9137,28
9138,59
9139,64
9140,40
9141,58
9142,36
9143,64
9144,47
9145,44
9146,63
9147,34
9148,61
9149,23
9150,58
9151,64
9152,65
9153,20
9154,59
9155,34
9156,48
9157,27
9158,54
9159,58
9160,22
9161,20
9162,29
9163,40
9164,64
9165,55
9166,56
9167,48
9168,60
9169,63
9170,47
9171,57
9172,47
9173,29
9174,61
9175,50
9176,28
9177,29
9178,60
9179,51
9180,47
9181,39
9182,25
9183,63
9184,25
9185,58
9186,56
9187,40
9188,48
9189,36
9190,39
9191,20
9192,20
9193,22
9194,32
9195,37
9196,49
9197,37
9198,21
9199,38
9200,42
9201,26
9202,20
9203,50
9204,64
9205,28
9206,44
9207,19
9208,64
9209,46
9210,46
9211,42
9212,34
9213,57
9214,50
9215,32
9216,64
9217,39
9218,56
9219,59
9220,46
9221,60
9222,37
9223,40
9224,48
9225,65
9226,25
9227,43
9228,50
9229,23
9230,43
9231,23
9232,29
9233,45
9234,64
9235,64
9236,30
9237,29
9238,56
9239,53
9240,56
9241,62
9242,54
9243,49
9244,62
9245,18
9246,53
9247,58
9248,22
9249,55
9250,26
9251,48
9252,38
9253,18
9254,43
9255,27
9256,54
9257,35
9258,44
9259,55
9260,57
9261,21
9262,21
9263,18
9264,55
9265,26
9266,23
9267,31
9268,19
9269,44
9270,38
9271,40
9272,19
9273,44
9274,20
9275,40
9276,33
9277,19
9278,25
9279,37
9280,27
9281,23
9282,57
9283,26
9284,22
9285,55
9286,41
9287,25
9288,62
9289,30
9290,19
9291,51
9292,58
9293,31
9294,34
9295,42
9296,64
9297,60
9298,24
9299,60
9300,32
9301,26
9302,65
9303,27
9304,42
9305,28
9306,41
9307,31
9308,61
9309,61
9310,29
9311,35
9312,31
9313,62
9314,43
9315,22
9316,47
9317,54
9318,53
9319,50
9320,48
9321,36
9322,30
9323,42
9324,24
9325,19
9326,36
9327,37
9328,20
9329,29
9330,59
9331,36
9332,46
9333,43
9334,18
9335,41
9336,27
9337,28
9338,48
9339,35
9340,25
9341,57
9342,42
9343,58
9344,31
9345,24
9346,46
9347,59
9348,39
9349,43
9350,55
9351,18
9352,35
9353,63
9354,47
9355,35
9356,25
9357,24
9358,27
9359,54
9360,60
9361,54
9362,25
9363,58
9364,33
9365,27
9366,27
9367,29
9368,32
9369,55
9370,51
9371,20
9372,55
9373,56
9374,49
9375,48
9376,43
9377,57
9378,37
9379,21
9380,56
9381,30
9382,59
9383,64
9384,61
9385,18
9386,33
9387,20
9388,55
9389,44
9390,58
9391,39
9392,43
9393,31
9394,62
9395,19
9396,46
9397,30
9398,59
9399,23
9400,64
9401,37
9402,21
9403,32
9404,60
9405,22
9406,44
9407,63
9408,23
9409,56
9410,21
9411,29
9412,43
9413,20
9414,55
9415,48
9416,52
9417,40
9418,42
9419,60
9420,32
9421,61
9422,49
9423,40
9424,51
9425,54
9426,56
9427,30
9428,42
9429,43
9430,58
9431,44
9432,52
9433,27
9434,24
9435,44
9436,22
9437,24
9438,34
9439,63
9440,38
9441,49
9442,42
9443,51
9444,65
9445,55
9446,22
9447,53
9448,42
9449,26
9450,56
9451,44
9452,34
9453,52
9454,21
9455,42
9456,28
9457,52
9458,35
9459,55
9460,25
9461,57
9462,37
9463,35
9464,32
9465,61
9466,39
9467,21
9468,60
9469,63
9470,37
9471,33
9472,23
9473,48
9474,51
9475,40
9476,31
9477,42
9478,21
9479,53
9480,29
9481,36
9482,37
9483,18
9484,43
9485,50
9486,42
9487,34
9488,59
9489,50
9490,59
9491,48
9492,34
9493,48
9494,50
9495,48
9496,21
9497,21
9498,44
9499,40
9500,27
9501,42
9502,36
9503,64
9504,36
9505,19
9506,25
9507,20
9508,34
9509,56
9510,39
9511,20
9512,42
9513,37
9514,59
9515,29
9516,40
9517,45
9518,50
9519,18
9520,26
9521,31
9522,63
9523,32
9524,22
9525,56
9526,43
9527,38
9528,52
9529,42
9530,31
9531,41
9532,41
9533,59
9534,36
9535,60
9536,38
9537,46
9538,35
9539,32
9540,45
9541,35
9542,21
9543,42
9544,22
9545,59
9546,26
9547,28
9548,28
9549,47
9550,26
9551,61
9552,24
9553,27
9554,25
9555,27
9556,21
9557,28
9558,39
9559,49
9560,62
9561,50
9562,21
9563,46
9564,28
9565,59
9566,39
9567,61
9568,25
9569,65
9570,27
9571,51
9572,19
9573,29
9574,36
9575,60
9576,25
9577,19
9578,40
9579,30
9580,43
9581,18
9582,28
9583,19
9584,49
9585,41
9586,26
9587,48
9588,39
9589,20
9590,37
9591,43
9592,44
9593,61
9594,34
9595,28
9596,62
9597,51
9598,30
9599,26
9600,26
9601,39
9602,44
9603,20
9604,21
9605,61
9606,47
9607,59
9608,50
9609,55
9610,38
9611,34
9612,32
9613,23
9614,38
9615,47
9616,38
9617,52
9618,28
9619,40
9620,37
9621,36
9622,43
9623,38
9624,32
9625,30
9626,24
9627,64
9628,61
9629,26
9630,42
9631,44
9632,65
9633,26
9634,60
9635,21
9636,23
9637,21
9638,45
9639,58
9640,43
9641,45
9642,41
9643,25
9644,30
9645,41
9646,65
9647,32
9648,60
9649,31
9650,21
9651,43
9652,45
9653,40
9654,61
9655,55
9656,45
9657,20
9658,35
9659,62
9660,36
9661,51
9662,25
9663,21
9664,40
9665,26
9666,48
9667,54
9668,19
9669,41
9670,23
9671,53
9672,42
9673,63
9674,55
9675,57
9676,41
9677,44
9678,40
9679,27
9680,35
9681,38
9682,28
9683,27
9684,54
9685,61
9686,30
9687,54
9688,61
9689,26
9690,52
9691,41
9692,38
9693,31
9694,42
9695,19
9696,49
9697,25
9698,26
9699,25
9700,19
9701,43
9702,22
9703,29
9704,24
9705,44
9706,22
9707,53
9708,54
9709,46
9710,62
9711,20
9712,25
9713,54
9714,54
9715,28
9716,48
9717,47
9718,41
9719,59
9720,65
9721,59
9722,53
9723,27
9724,26
9725,21
9726,37
9727,26
9728,53
9729,50
9730,44
9731,51
9732,27
9733,51
9734,49
9735,59
9736,34
9737,57
9738,42
9739,53
9740,34
9741,18
9742,23
9743,44
9744,47
9745,32
9746,27
9747,54
9748,23
9749,44
9750,21
9751,30
9752,18
9753,65
9754,23
9755,30
9756,38
9757,40
9758,56
9759,29
9760,47
9761,46
9762,53
9763,43
9764,46
9765,25
9766,65
9767,32
9768,33
9769,36
9770,30
9771,58
9772,20
9773,25
9774,34
9775,62
9776,18
9777,58
9778,51
9779,40
9780,55
9781,40
9782,55
9783,50
9784,59
9785,31
9786,27
9787,62
9788,60
9789,59
9790,35
9791,40
9792,54
9793,63
9794,64
9795,18
9796,24
9797,28
9798,40
9799,35
9800,34
9801,47
9802,61
9803,47
9804,20
9805,46
9806,42
9807,22
9808,59
9809,61
9810,45
9811,51
9812,18
9813,56
9814,63
9815,40
9816,20
9817,29
9818,40
9819,49
9820,33
9821,23
9822,30
9823,20
9824,20
9825,28
9826,18
9827,40
9828,38
9829,56
9830,33
9831,37
9832,28
9833,27
9834,50
9835,44
9836,56
9837,45
9838,18
9839,63
9840,43
9841,48
9842,46
9843,36
9844,26
9845,62
9846,19
9847,36
9848,37
9849,61
9850,31
9851,50
9852,64
9853,28
9854,29
9855,42
9856,55
9857,28
9858,39
9859,37
9860,18
9861,27
9862,47
9863,54
9864,26
9865,25
9866,25
9867,19
9868,33
9869,58
9870,27
9871,22
9872,46
9873,43
9874,45
9875,53
9876,51
9877,51
9878,54
9879,38
9880,35
9881,50
9882,60
9883,39
9884,64
9885,32
9886,29
9887,37
9888,30
9889,52
9890,26
9891,39
9892,37
9893,45
9894,29
9895,41
9896,59
9897,59
9898,63
9899,21
9900,33
9901,61
9902,35
9903,36
9904,35
9905,52
9906,21
9907,22
9908,37
9909,64
9910,39
9911,41
9912,44
9913,34
9914,27
9915,35
9916,40
9917,55
9918,64
9919,60
9920,52
9921,52
9922,28
9923,52
9924,35
9925,44
9926,34
9927,55
9928,61
9929,61
9930,62
9931,62
9932,65
9933,61
9934,21
9935,26
9936,46
9937,18
9938,27
9939,39
9940,54
9941,23
9942,54
9943,48
9944,37
9945,37
9946,27
9947,59
9948,64
9949,37
9950,18
9951,64
9952,47
9953,51
9954,20
9955,36
9956,52
9957,20
9958,40
9959,28
9960,64
9961,21
9962,51
9963,64
9964,43
9965,31
9966,63
9967,28
9968,38
9969,31
9970,42
9971,37
9972,22
9973,65
9974,52
9975,49
9976,43
9977,42
9978,26
9979,42
9980,36
9981,27
9982,48
9983,48
9984,48
9985,54
9986,52
9987,42
9988,53
9989,23
9990,49
9991,27
9992,37
9993,61
9994,60
9995,40
9996,34
9997,60
9998,57
9999,37
10000,58

