yearID,lgID,teamID,W,R,AB,H,BA,2B,3B,HR,BB,SO,SB,CS,HBP,SF,RA,ER,ERA,CG,SHO,SV,IPouts,HA,HRA,BBA,SOA,E,DP,FP
2000,AL,CHA,95,978,5646,1615,0.286043216,325,33,216,591,960,119,42,53,61,839,751,4.66,5,7,43,4350,1509,195,614,1037,133,190,0.97
2000,AL,CLE,90,950,5683,1639,0.288404012,310,30,221,685,1057,113,34,51,52,816,775,4.84,6,5,34,4326,1511,173,666,1213,72,149,0.98
2000,AL,DET,79,823,5644,1553,0.275159461,307,41,177,562,982,83,38,43,49,827,755,4.71,6,6,44,4329,1583,177,496,978,105,171,0.98
2000,AL,KCA,77,879,5709,1644,0.287966369,281,27,150,511,840,121,35,48,70,930,876,5.48,10,6,29,4317,1585,239,693,927,102,185,0.98
2000,AL,MIN,69,748,5615,1516,0.269991095,325,49,116,556,1021,90,45,35,51,880,819,5.15,6,4,35,4297,1634,212,516,1042,102,155,0.98
2000,AL,NYA,87,871,5556,1541,0.277357811,294,25,205,631,1007,99,48,57,50,814,753,4.76,9,6,40,4272,1458,177,577,1040,109,135,0.98
2000,AL,BOS,85,792,5630,1503,0.2669627,316,32,167,611,1019,43,30,42,48,745,683,4.23,7,12,46,4357,1433,173,499,1121,109,120,0.98
2000,AL,TOR,83,861,5677,1562,0.275145323,328,21,244,526,1026,89,34,60,34,908,821,5.14,15,4,37,4311,1615,195,560,978,100,176,0.98
2000,AL,BAL,74,794,5549,1508,0.271760678,310,22,184,558,900,126,65,49,54,913,855,5.37,14,6,33,4299,1547,202,665,1017,116,151,0.98
2000,AL,TBA,69,733,5505,1414,0.256857402,253,22,162,559,1022,90,46,48,40,842,773,4.86,10,8,38,4293,1553,198,533,955,118,171,0.98
2000,AL,OAK,91,947,5560,1501,0.269964029,281,23,239,750,1159,40,15,52,44,813,730,4.58,7,11,43,4305,1535,158,615,963,134,164,0.97
2000,AL,SEA,91,907,5497,1481,0.269419683,300,26,198,775,1073,122,56,48,61,780,720,4.5,4,10,44,4324,1442,167,634,998,99,178,0.98
2000,AL,ANA,82,864,5628,1574,0.279673063,309,34,236,608,1024,93,52,47,43,869,805,5,5,3,46,4344,1534,228,662,846,134,184,0.97
2000,AL,TEX,71,848,5648,1601,0.283463173,330,35,173,580,922,69,47,39,48,974,876,5.52,3,4,39,4287,1683,202,661,918,135,162,0.97
2000,NL,SLN,95,887,5478,1481,0.270354144,259,25,235,675,1253,87,51,84,53,771,698,4.38,10,7,37,4300,1403,196,606,1100,111,148,0.98
2000,NL,CIN,85,825,5635,1545,0.274179237,302,36,200,559,995,100,38,64,58,765,700,4.33,8,7,42,4368,1446,190,659,1015,111,156,0.98
2000,NL,MIL,73,740,5563,1366,0.245550962,297,25,177,620,1245,72,44,61,49,826,755,4.64,2,7,29,4398,1501,174,728,967,118,187,0.98
2000,NL,HOU,72,938,5570,1547,0.277737882,289,36,249,673,1129,114,52,83,61,944,864,5.41,8,2,30,4312,1596,234,598,1064,133,149,0.97
2000,NL,PIT,69,793,5643,1506,0.26687932,320,31,168,564,1032,86,40,66,37,888,794,4.93,5,7,27,4347,1554,163,711,1070,132,169,0.97
2000,NL,CHN,65,764,5577,1426,0.255693025,272,23,183,632,1120,93,37,54,45,904,849,5.25,10,5,39,4363,1505,231,658,1143,100,139,0.98
2000,NL,ATL,95,810,5489,1490,0.271451995,274,26,179,595,1010,148,56,59,45,714,648,4.05,13,9,53,4320,1428,165,484,1093,129,138,0.97
2000,NL,NYN,94,807,5486,1445,0.26339774,282,20,198,675,1037,66,46,45,51,738,670,4.16,8,10,49,4350,1398,164,574,1164,118,121,0.98
2000,NL,FLO,79,731,5509,1441,0.261571973,274,29,160,540,1184,168,55,60,51,797,729,4.59,5,4,48,4288,1477,169,650,1051,125,144,0.98
2000,NL,MON,67,738,5535,1475,0.266485998,310,35,178,476,1048,58,48,29,34,902,812,5.13,4,7,39,4273,1575,181,579,1011,132,151,0.97
2000,NL,PHI,65,708,5511,1386,0.251497006,304,40,144,611,1117,102,30,44,37,830,763,4.77,8,6,34,4315,1458,201,640,1123,100,136,0.98
2000,NL,SFN,97,925,5519,1535,0.278130096,304,44,226,709,1032,79,39,51,66,747,675,4.21,9,15,47,4332,1452,151,623,1076,93,173,0.98
2000,NL,LAN,86,798,5481,1408,0.256887429,265,28,211,668,1083,95,42,51,46,729,659,4.1,9,11,36,4335,1379,176,600,1154,135,151,0.97
2000,NL,ARI,85,792,5527,1466,0.265243351,282,44,179,535,975,97,44,59,58,754,698,4.35,16,8,38,4330,1441,190,500,1220,107,138,0.98
2000,NL,COL,82,968,5660,1664,0.293992933,320,53,161,601,907,131,61,42,75,897,835,5.26,7,2,33,4290,1568,221,588,1001,94,176,0.98
2000,NL,SDN,76,752,5560,1413,0.254136691,279,37,157,602,1177,131,53,46,43,815,733,4.52,5,5,46,4377,1443,191,649,1071,141,155,0.97
2001,AL,CLE,91,897,5600,1559,0.278392857,294,37,212,577,1076,79,41,69,62,821,746,4.64,3,4,42,4340,1512,148,573,1218,107,137,0.98
2001,AL,MIN,85,771,5560,1514,0.272302158,328,38,164,495,1083,146,67,64,38,766,722,4.51,12,8,45,4324,1494,192,445,965,108,121,0.98
2001,AL,CHA,83,798,5464,1463,0.267752562,300,29,214,520,998,123,59,52,51,795,725,4.55,8,7,51,4300,1465,181,500,921,118,149,0.98
2001,AL,DET,66,724,5537,1439,0.259888026,291,60,139,466,972,133,61,51,49,876,795,5.01,16,2,34,4288,1624,180,553,859,131,165,0.97
2001,AL,KCA,65,729,5643,1503,0.266347687,277,37,152,406,898,100,42,44,47,858,779,4.87,5,1,30,4320,1537,209,576,911,117,204,0.98
2001,AL,NYA,95,804,5577,1488,0.266810113,289,20,203,519,1035,161,53,64,43,713,649,4.02,7,9,57,4354,1429,158,465,1266,109,132,0.98
2001,AL,BOS,82,772,5605,1493,0.266369313,316,29,198,520,1131,46,35,70,41,745,667,4.15,3,9,48,4344,1412,146,544,1259,113,129,0.98
2001,AL,TOR,80,767,5663,1489,0.26293484,287,36,195,470,1094,156,55,74,43,753,696,4.28,7,10,41,4388,1553,165,490,1041,97,184,0.98
2001,AL,BAL,63,687,5472,1359,0.248355263,262,24,136,514,989,133,53,77,49,829,744,4.67,10,6,31,4297,1504,194,528,938,125,137,0.97
2001,AL,TBA,62,672,5524,1426,0.258146271,311,21,121,456,1116,115,52,54,25,887,781,4.94,1,6,30,4271,1513,207,569,1030,139,144,0.97
2001,AL,SEA,116,927,5680,1637,0.288204225,310,38,169,614,989,174,42,62,70,627,576,3.54,8,14,56,4395,1293,160,465,1051,83,137,0.98
2001,AL,OAK,102,884,5573,1469,0.26359232,334,22,199,640,1021,68,29,88,59,645,583,3.59,13,9,44,4390,1384,153,440,1117,125,151,0.98
2001,AL,ANA,75,691,5551,1447,0.260673752,275,26,158,494,1001,116,52,77,53,730,671,4.2,6,1,43,4313,1452,168,525,947,103,142,0.98
2001,AL,TEX,73,890,5685,1566,0.275461741,326,23,246,548,1093,97,32,75,55,968,913,5.71,4,3,37,4315,1670,222,596,951,114,167,0.98
2001,NL,HOU,93,847,5528,1500,0.271345876,313,29,208,581,1119,64,49,89,56,769,707,4.37,7,6,48,4364,1453,221,486,1228,110,138,0.98
2001,NL,SLN,93,814,5450,1469,0.269541284,274,32,199,529,1089,91,35,65,50,684,627,3.93,8,11,38,4306,1389,196,526,1083,110,156,0.98
2001,NL,CHN,88,777,5406,1409,0.26063633,268,32,194,577,1077,67,36,66,53,701,643,4.03,8,6,41,4311,1357,164,550,1344,109,113,0.98
2001,NL,MIL,68,740,5488,1378,0.251093294,273,30,209,488,1399,66,36,72,35,806,740,4.64,3,8,28,4309,1452,197,667,1057,103,156,0.98
2001,NL,CIN,66,735,5583,1464,0.26222461,304,22,176,468,1172,103,54,65,40,850,765,4.77,2,2,35,4328,1572,198,515,943,138,136,0.97
2001,NL,PIT,62,657,5398,1333,0.246943312,256,25,161,467,1106,93,73,67,35,858,794,5.05,8,9,36,4249,1493,167,549,908,133,168,0.97
2001,NL,ATL,88,729,5498,1432,0.260458348,263,24,174,493,1039,85,46,45,52,643,578,3.59,5,13,41,4342,1363,153,499,1133,103,133,0.98
2001,NL,PHI,86,746,5497,1431,0.260323813,295,29,164,551,1125,153,47,43,61,719,667,4.15,8,7,47,4336,1417,170,527,1086,91,145,0.98
2001,NL,NYN,82,642,5459,1361,0.249313061,273,18,147,545,1062,66,48,65,35,713,654,4.07,6,14,48,4337,1418,186,438,1191,101,132,0.98
2001,NL,FLO,76,742,5542,1461,0.263623241,325,30,166,470,1145,89,40,67,45,744,691,4.32,5,11,32,4314,1397,151,617,1119,103,174,0.98
2001,NL,MON,68,670,5379,1361,0.253021008,320,28,131,478,1071,101,51,60,45,812,745,4.68,5,11,28,4294,1509,190,525,1103,108,139,0.98
2001,NL,ARI,92,818,5595,1494,0.267024129,284,35,208,587,1052,71,38,57,36,677,627,3.87,12,13,34,4379,1352,195,461,1297,84,148,0.98
2001,NL,SFN,90,799,5612,1493,0.266037063,304,40,235,625,1090,57,42,50,54,748,680,4.18,3,8,47,4390,1437,145,579,1080,118,170,0.98
2001,NL,LAN,86,758,5493,1399,0.254687784,264,27,206,519,1062,89,42,56,44,744,685,4.25,3,5,46,4352,1387,184,524,1212,116,138,0.98
2001,NL,SDN,79,789,5482,1379,0.251550529,273,26,161,678,1273,129,44,41,48,812,724,4.52,5,6,46,4322,1519,219,476,1088,145,127,0.97
2001,NL,COL,73,923,5690,1663,0.292267135,324,61,213,511,1027,132,54,61,50,906,841,5.29,8,8,26,4290,1522,239,598,1058,96,167,0.98
2002,AL,MIN,94,768,5582,1518,0.271945539,348,36,167,472,1089,79,62,56,52,712,662,4.12,8,9,47,4334,1454,184,439,1026,74,124,0.98
2002,AL,CHA,81,856,5502,1475,0.268084333,289,29,217,555,952,75,31,49,53,798,716,4.53,7,7,35,4269,1422,190,528,945,97,157,0.98
2002,AL,CLE,74,739,5423,1349,0.248755301,255,26,192,542,1000,52,37,56,39,837,777,4.91,9,4,34,4274,1508,142,603,1058,113,161,0.98
2002,AL,KCA,62,737,5535,1415,0.25564589,285,42,140,524,921,140,65,52,51,891,834,5.21,12,6,30,4323,1587,212,572,909,130,153,0.97
2002,AL,DET,55,575,5406,1340,0.247872734,265,37,124,363,1035,65,44,64,57,864,774,4.93,11,7,33,4242,1593,163,463,794,142,148,0.97
2002,AL,NYA,103,897,5601,1540,0.274950902,314,12,223,640,1171,100,38,72,41,697,625,3.87,9,11,53,4356,1441,144,403,1135,127,117,0.97
2002,AL,BOS,93,859,5640,1560,0.276595745,348,33,177,545,944,80,28,72,53,665,603,3.75,5,17,51,4338,1339,146,430,1157,104,140,0.98
2002,AL,TOR,78,813,5581,1457,0.261064325,305,38,187,522,1142,71,18,53,57,828,767,4.8,6,6,41,4315,1504,177,590,991,107,159,0.98
2002,AL,BAL,67,667,5491,1353,0.246403205,311,27,165,452,993,110,48,64,49,773,719,4.46,8,3,31,4352,1491,208,549,967,91,173,0.98
2002,AL,TBA,55,673,5604,1418,0.253033547,297,35,133,456,1115,102,45,58,36,918,846,5.29,12,3,25,4321,1567,215,620,925,126,168,0.97
2002,AL,OAK,103,800,5558,1450,0.260885211,279,28,205,609,1008,46,20,68,36,654,593,3.68,9,19,48,4356,1391,135,474,1021,102,144,0.98
2002,AL,ANA,99,851,5678,1603,0.282317718,333,32,152,462,805,117,51,74,64,644,595,3.69,7,14,54,4357,1345,169,509,999,87,151,0.98
2002,AL,SEA,93,814,5569,1531,0.274914706,285,31,152,629,1003,137,58,51,72,699,654,4.07,8,12,43,4336,1422,178,441,1063,88,134,0.98
2002,AL,TEX,72,843,5618,1510,0.268778925,304,27,230,554,1055,62,34,62,50,882,824,5.15,4,4,33,4319,1528,194,669,1030,99,152,0.98
2002,NL,SLN,97,787,5505,1475,0.267938238,285,26,175,542,927,86,42,67,49,648,595,3.7,4,9,42,4339,1355,141,547,1009,103,168,0.98
2002,NL,HOU,84,749,5503,1441,0.261857169,291,32,167,589,1120,71,27,59,37,695,643,4,2,11,43,4335,1423,151,546,1219,83,149,0.98
2002,NL,CIN,78,709,5470,1386,0.253382084,297,21,169,583,1188,116,52,66,40,774,690,4.27,2,8,42,4361,1502,173,550,980,120,169,0.98
2002,NL,PIT,72,641,5330,1300,0.243902439,263,20,142,537,1109,86,49,73,41,730,664,4.23,2,7,47,4238,1447,163,572,920,115,177,0.98
2002,NL,CHN,67,706,5496,1351,0.245815138,259,29,200,585,1269,63,21,44,39,759,687,4.29,11,9,23,4324,1373,167,606,1333,114,144,0.98
2002,NL,MIL,56,627,5415,1369,0.252816251,269,29,139,500,1125,94,50,55,34,821,752,4.73,7,4,32,4297,1468,199,666,1026,103,154,0.98
2002,NL,ATL,101,708,5495,1428,0.259872611,280,25,164,558,1028,76,39,54,49,565,511,3.13,3,15,57,4402,1302,123,554,1058,114,170,0.98
2002,NL,MON,83,735,5479,1432,0.261361562,300,36,162,575,1104,118,64,46,42,718,641,3.97,9,3,39,4359,1475,165,508,1088,139,160,0.97
2002,NL,PHI,80,710,5523,1428,0.258555133,325,41,165,640,1095,104,43,53,39,724,671,4.17,5,9,47,4349,1381,153,570,1075,88,156,0.98
2002,NL,FLO,79,699,5496,1433,0.26073508,280,32,146,595,1130,177,73,61,49,763,706,4.36,11,12,36,4369,1449,151,631,1104,106,163,0.98
2002,NL,NYN,75,690,5496,1409,0.256368268,238,22,160,486,1044,87,42,63,30,703,624,3.89,9,10,36,4328,1408,163,543,1107,144,138,0.97
2002,NL,ARI,98,819,5508,1471,0.267066086,283,41,165,643,1016,92,46,50,53,674,630,3.92,14,10,40,4340,1361,170,421,1303,89,116,0.98
2002,NL,SFN,95,783,5497,1465,0.266509005,300,35,198,616,961,74,21,65,52,616,566,3.54,10,13,43,4312,1349,116,523,992,90,166,0.98
2002,NL,LAN,92,713,5554,1464,0.263593806,286,29,155,428,940,96,37,53,44,643,598,3.69,4,15,56,4373,1311,165,555,1132,90,134,0.98
2002,NL,COL,73,778,5512,1508,0.273584906,283,41,152,497,1043,103,53,56,50,898,825,5.2,1,8,43,4280,1554,225,582,920,112,158,0.98
2002,NL,SDN,66,662,5515,1393,0.252583862,243,29,136,547,1062,71,44,30,41,815,737,4.62,5,10,40,4309,1522,177,582,1108,128,162,0.97
2003,AL,MIN,90,801,5655,1567,0.277099912,318,45,155,512,1027,94,44,63,52,758,716,4.41,7,8,45,4385,1526,187,402,997,87,114,0.98
2003,AL,CHA,86,791,5487,1445,0.263349736,303,19,220,519,916,77,29,58,41,715,663,4.17,12,4,36,4293,1364,162,518,1056,93,154,0.98
2003,AL,KCA,83,836,5568,1526,0.274066092,288,39,162,476,926,120,42,75,57,867,809,5.06,7,10,36,4316,1569,190,566,865,108,143,0.98
2003,AL,CLE,68,699,5572,1413,0.253589375,296,26,158,466,1062,86,61,62,41,778,682,4.21,5,7,34,4378,1477,179,501,943,126,178,0.98
2003,AL,DET,43,591,5466,1312,0.240029272,201,39,153,443,1099,98,63,47,49,928,847,5.3,3,5,27,4316,1616,195,557,764,138,194,0.97
2003,AL,NYA,101,877,5605,1518,0.270829616,304,14,230,684,1042,98,33,81,35,716,653,4.02,8,12,49,4386,1512,145,375,1119,114,126,0.98
2003,AL,BOS,95,961,5769,1667,0.288958225,371,40,238,620,943,88,35,53,64,809,729,4.48,5,6,36,4394,1503,153,488,1141,113,130,0.98
2003,AL,TOR,86,894,5661,1580,0.279102632,357,33,190,546,1081,37,25,90,56,826,748,4.69,14,6,36,4305,1560,184,485,984,117,161,0.98
2003,AL,BAL,71,743,5665,1516,0.26760812,277,24,152,431,902,89,36,54,40,820,767,4.76,9,3,41,4349,1579,198,526,981,105,164,0.98
2003,AL,TBA,63,715,5654,1501,0.265475769,298,38,137,420,1030,142,42,56,50,852,787,4.93,7,7,30,4310,1454,196,639,877,103,158,0.98
2003,AL,OAK,96,768,5497,1398,0.254320538,317,24,176,556,898,48,14,59,53,643,582,3.63,16,14,48,4325,1336,140,499,1018,107,145,0.98
2003,AL,SEA,93,795,5561,1509,0.271354073,290,33,139,586,989,108,37,53,46,637,602,3.76,8,15,38,4323,1340,173,466,1001,65,159,0.98
2003,AL,ANA,77,736,5487,1473,0.268452706,276,33,150,476,838,129,61,56,50,743,680,4.28,5,9,39,4294,1444,190,486,980,105,138,0.98
2003,AL,TEX,71,826,5664,1506,0.265889831,274,36,239,488,1052,65,25,75,42,969,903,5.67,4,3,43,4300,1625,208,603,1009,94,168,0.98
2003,NL,CHN,88,724,5519,1431,0.259286103,302,24,172,492,1158,73,31,50,46,683,619,3.83,13,14,36,4369,1304,143,617,1404,106,157,0.98
2003,NL,HOU,87,805,5583,1466,0.262582841,308,30,191,557,1021,66,30,81,38,677,622,3.86,1,5,50,4350,1350,161,565,1139,95,149,0.98
2003,NL,SLN,85,876,5672,1580,0.278561354,342,32,196,580,952,82,32,73,54,796,748,4.6,9,10,41,4391,1544,210,508,969,77,138,0.98
2003,NL,PIT,75,753,5581,1492,0.267335603,275,45,163,529,1049,86,37,87,38,801,744,4.64,7,10,44,4333,1527,178,502,926,123,159,0.98
2003,NL,CIN,69,694,5509,1349,0.244872028,239,21,182,524,1326,80,34,79,32,886,818,5.09,4,5,38,4339,1578,209,590,932,141,152,0.97
2003,NL,MIL,68,714,5548,1423,0.256488825,266,24,196,547,1221,99,39,71,40,873,810,5.02,5,3,44,4356,1590,219,575,1034,114,142,0.98
2003,NL,ATL,101,907,5670,1608,0.283597884,321,31,235,545,933,68,22,49,49,740,663,4.1,4,7,51,4369,1425,147,555,992,121,166,0.98
2003,NL,FLO,91,751,5490,1459,0.26575592,292,44,157,515,978,150,74,57,41,692,648,4.04,7,11,36,4336,1415,128,530,1132,78,162,0.98
2003,NL,PHI,86,791,5543,1448,0.261230381,325,27,166,651,1155,72,29,55,38,697,648,4.04,9,13,33,4331,1386,142,536,1060,97,146,0.98
2003,NL,MON,83,711,5437,1404,0.258230642,294,25,144,522,990,100,39,45,40,716,640,4.01,15,10,42,4313,1467,181,463,1028,102,152,0.98
2003,NL,NYN,66,642,5341,1317,0.246583037,262,24,124,489,1035,70,31,54,45,754,704,4.48,3,10,38,4240,1497,168,576,907,118,158,0.98
2003,NL,SFN,100,755,5456,1440,0.263929619,281,29,180,593,980,53,37,40,39,638,595,3.73,7,10,43,4312,1349,136,546,1006,80,163,0.98
2003,NL,LAN,85,574,5458,1328,0.243312569,260,25,124,407,985,80,36,72,28,556,511,3.16,3,17,58,4373,1254,127,526,1289,119,164,0.98
2003,NL,ARI,84,717,5570,1467,0.263375224,303,47,152,531,1006,76,38,45,52,685,621,3.84,7,11,42,4365,1379,150,526,1291,107,132,0.98
2003,NL,COL,74,853,5518,1472,0.26676332,330,31,198,619,1134,63,37,52,38,892,821,5.2,3,4,34,4260,1629,200,552,866,116,165,0.98
2003,NL,SDN,64,678,5531,1442,0.260712349,257,32,128,565,1073,76,39,57,42,831,774,4.87,2,10,31,4294,1458,208,611,1091,102,141,0.98
2004,AL,MIN,92,780,5623,1494,0.265694469,310,24,191,513,982,116,46,64,40,715,661,4.03,4,9,48,4428,1523,167,431,1123,101,158,0.98
2004,AL,CHA,83,865,5534,1481,0.267618359,284,19,242,499,1030,78,51,63,42,831,782,4.91,8,8,34,4297,1505,224,527,1013,100,167,0.98
2004,AL,CLE,80,858,5676,1565,0.27572234,345,29,184,606,1009,94,55,78,42,857,784,4.81,8,8,32,4400,1553,201,579,1115,106,152,0.98
2004,AL,DET,72,827,5623,1531,0.272274587,284,54,201,518,1144,86,50,50,43,844,788,4.93,7,9,35,4319,1542,190,530,995,144,160,0.97
2004,AL,KCA,58,720,5538,1432,0.258577104,261,29,150,461,1057,67,48,76,38,905,813,5.15,6,3,25,4261,1638,208,518,887,131,169,0.97
2004,AL,NYA,101,897,5527,1483,0.26831916,281,20,242,670,982,84,33,80,50,808,752,4.69,1,5,59,4331,1532,182,445,1058,99,148,0.98
2004,AL,BOS,98,949,5720,1613,0.281993007,373,25,222,659,1189,68,30,69,55,768,674,4.18,4,12,36,4354,1430,159,447,1132,118,129,0.98
2004,AL,BAL,78,842,5736,1614,0.281380753,319,18,169,528,949,101,41,57,62,830,760,4.7,8,10,27,4366,1488,159,687,1090,110,161,0.98
2004,AL,TBA,70,714,5483,1416,0.258252781,278,46,145,469,944,132,42,55,56,842,757,4.81,3,5,35,4251,1459,192,580,923,119,139,0.98
2004,AL,TOR,67,719,5531,1438,0.259989152,290,34,145,513,1083,58,31,71,42,823,775,4.91,6,11,37,4263,1505,181,608,956,91,150,0.98
2004,AL,ANA,92,836,5675,1603,0.28246696,272,37,162,450,942,143,46,73,41,734,692,4.28,2,11,50,4363,1476,170,502,1164,90,126,0.98
2004,AL,OAK,91,793,5728,1545,0.269727654,336,15,189,608,1061,47,22,55,43,742,682,4.17,10,8,35,4414,1466,164,544,1034,91,172,0.98
2004,AL,TEX,89,860,5615,1492,0.26571683,323,34,227,500,1099,69,36,61,57,794,724,4.53,5,9,52,4319,1536,182,547,979,117,152,0.98
2004,AL,SEA,63,698,5722,1544,0.269835722,276,20,136,492,1058,110,42,54,48,823,772,4.76,7,7,28,4378,1498,212,575,1036,103,140,0.98
2004,NL,SLN,105,855,5555,1544,0.277947795,319,24,214,548,1085,111,47,51,70,659,605,3.75,4,12,57,4361,1378,169,440,1041,97,154,0.98
2004,NL,HOU,92,803,5468,1458,0.266642282,294,36,187,590,999,89,30,61,52,698,650,4.05,2,13,47,4329,1416,174,525,1282,101,136,0.98
2004,NL,CHN,89,789,5628,1508,0.267945984,308,29,235,489,1080,66,28,38,48,665,621,3.81,3,6,42,4396,1363,169,545,1346,86,126,0.98
2004,NL,CIN,76,750,5518,1380,0.250090613,287,28,194,599,1335,77,25,81,25,907,832,5.19,5,8,47,4331,1595,236,572,992,113,123,0.98
2004,NL,PIT,72,680,5483,1428,0.260441364,267,39,142,415,1066,63,40,95,42,744,680,4.29,3,8,46,4284,1451,149,576,1079,103,189,0.98
2004,NL,MIL,67,634,5483,1358,0.247674631,295,32,135,540,1312,138,40,68,40,757,679,4.24,6,10,42,4326,1440,164,476,1098,117,132,0.98
2004,NL,ATL,96,803,5570,1503,0.26983842,304,37,178,587,1158,86,32,59,48,668,603,3.74,4,13,48,4350,1475,154,523,1025,116,171,0.98
2004,NL,PHI,86,840,5643,1505,0.266702109,303,23,215,645,1133,100,27,58,46,781,724,4.45,4,5,43,4388,1488,214,502,1070,81,142,0.98
2004,NL,FLO,83,718,5486,1447,0.263762304,275,32,148,499,968,96,43,58,40,700,655,4.1,6,14,53,4317,1395,166,513,1116,86,153,0.98
2004,NL,NYN,71,684,5532,1376,0.248734635,289,20,185,512,1159,107,23,61,34,731,658,4.09,2,6,31,4347,1452,156,592,977,137,144,0.97
2004,NL,MON,67,635,5474,1361,0.248629887,276,27,151,496,925,109,38,35,33,769,696,4.33,11,11,31,4341,1477,191,582,1032,99,171,0.98
2004,NL,LAN,93,761,5542,1450,0.261638398,226,30,203,536,1092,102,41,62,35,684,647,4.01,2,6,51,4360,1386,178,521,1066,73,145,0.98
2004,NL,SFN,91,850,5546,1500,0.2704652,314,33,183,705,874,43,23,72,51,770,695,4.29,8,8,46,4371,1481,161,548,1020,101,153,0.98
2004,NL,SDN,87,768,5573,1521,0.272923022,304,32,139,566,910,52,25,56,66,705,645,4.03,3,8,44,4323,1460,184,422,1079,108,146,0.98
2004,NL,COL,68,833,5577,1531,0.274520351,331,34,202,568,1181,44,33,54,37,923,883,5.54,3,2,36,4306,1634,198,697,947,89,161,0.98
2004,NL,ARI,51,615,5544,1401,0.252705628,295,38,135,441,1022,53,32,35,37,899,794,4.98,5,6,33,4308,1480,197,668,1153,139,144,0.97
2005,AL,CHA,99,741,5529,1450,0.262253572,253,23,200,435,1002,137,67,79,49,645,592,3.61,9,10,54,4427,1392,167,459,1040,94,166,0.98
2005,AL,CLE,93,790,5609,1522,0.271349617,337,30,207,503,1093,62,36,54,50,642,582,3.61,6,10,51,4358,1363,157,413,1050,106,156,0.98
2005,AL,MIN,83,688,5564,1441,0.258986341,269,32,134,485,978,102,44,59,42,662,604,3.71,9,8,44,4393,1458,169,348,965,102,171,0.98
2005,AL,DET,71,723,5602,1521,0.271510175,283,45,168,384,1038,66,28,53,52,787,719,4.51,7,2,37,4307,1504,193,461,907,110,171,0.98
2005,AL,KCA,56,701,5503,1445,0.262584045,289,34,126,424,1008,53,33,63,50,935,862,5.49,4,4,25,4240,1640,178,580,924,125,163,0.97
2005,AL,NYA,95,886,5624,1552,0.275960171,259,16,229,637,989,84,27,73,43,789,718,4.52,8,14,46,4292,1495,164,463,985,95,151,0.98
2005,AL,BOS,95,910,5626,1579,0.280661216,339,21,199,653,1044,45,12,47,63,805,752,4.74,6,8,38,4287,1550,164,440,959,109,135,0.98
2005,AL,TOR,80,775,5581,1480,0.265185451,307,39,136,486,955,72,35,89,56,705,653,4.06,9,8,35,4341,1475,185,444,958,95,154,0.98
2005,AL,BAL,74,729,5551,1492,0.2687804,296,27,189,447,902,83,37,54,42,800,724,4.56,2,9,38,4283,1458,180,580,1052,107,154,0.98
2005,AL,TBA,67,750,5552,1519,0.273595101,289,40,157,412,990,151,49,69,51,936,851,5.39,1,4,43,4265,1570,194,615,949,124,139,0.97
2005,AL,LAA,95,761,5624,1520,0.27027027,278,30,147,447,848,161,57,29,39,643,598,3.68,7,11,54,4393,1419,158,443,1126,87,139,0.98
2005,AL,OAK,88,772,5627,1476,0.262306735,310,20,155,537,819,31,22,52,40,658,594,3.69,9,12,38,4351,1315,154,504,1075,88,166,0.98
2005,AL,TEX,79,865,5716,1528,0.267319804,311,29,260,495,1112,67,15,48,32,858,794,4.96,2,6,46,4320,1589,159,522,932,108,149,0.98
2005,AL,SEA,69,699,5507,1408,0.255674596,289,34,130,466,986,102,47,48,37,751,712,4.49,6,7,39,4283,1483,179,496,892,86,144,0.98
2005,NL,SLN,100,805,5538,1494,0.269772481,287,26,170,534,947,83,36,62,35,634,560,3.49,15,14,48,4337,1399,153,443,974,100,196,0.98
2005,NL,HOU,89,693,5462,1400,0.256316368,281,32,161,481,1037,115,44,72,42,609,563,3.51,6,11,45,4329,1336,155,440,1164,89,146,0.98
2005,NL,MIL,81,726,5448,1413,0.259361233,327,19,175,531,1162,79,34,73,38,697,635,3.97,7,6,46,4314,1382,169,569,1173,119,139,0.98
2005,NL,CHN,79,703,5584,1506,0.26969914,323,23,194,419,920,65,39,50,37,714,671,4.19,8,10,39,4320,1357,186,576,1256,101,136,0.98
2005,NL,CIN,73,820,5565,1453,0.261096137,335,15,222,611,1303,72,23,62,39,889,820,5.15,2,1,31,4299,1657,219,492,955,104,133,0.98
2005,NL,PIT,67,680,5573,1445,0.259285842,292,38,139,471,1092,73,30,72,49,769,706,4.42,4,14,35,4308,1456,162,612,958,117,193,0.98
2005,NL,ATL,90,769,5486,1453,0.264855997,308,37,184,534,1084,92,32,45,46,674,639,3.98,8,12,38,4331,1487,145,520,929,86,170,0.98
2005,NL,PHI,88,807,5542,1494,0.26957777,282,35,167,639,1083,116,27,56,46,726,672,4.21,4,6,40,4305,1379,189,487,1159,90,132,0.98
2005,NL,FLO,83,717,5502,1499,0.272446383,306,32,128,512,918,96,38,67,50,732,666,4.16,14,15,42,4327,1459,116,563,1125,103,177,0.98
2005,NL,NYN,83,722,5505,1421,0.258128974,279,32,175,486,1075,153,40,48,38,648,599,3.76,8,11,38,4307,1390,135,491,1012,106,146,0.98
2005,NL,WAS,81,639,5426,1367,0.251935127,311,32,117,491,1090,45,45,89,45,673,627,3.87,4,9,51,4374,1456,140,539,997,92,156,0.98
2005,NL,SDN,82,684,5502,1416,0.25736096,269,39,130,600,977,99,44,49,48,726,668,4.13,4,8,45,4366,1452,146,503,1133,109,136,0.98
2005,NL,ARI,77,696,5550,1419,0.255675676,291,27,191,606,1094,67,26,55,45,856,783,4.84,6,10,45,4369,1580,193,537,1038,94,159,0.98
2005,NL,SFN,75,649,5462,1427,0.261259612,299,26,128,431,901,71,35,49,44,745,695,4.33,4,8,46,4333,1456,151,592,972,90,146,0.98
2005,NL,LAN,71,685,5433,1374,0.252898951,284,21,149,541,1094,58,35,67,33,755,695,4.38,6,9,40,4282,1434,182,471,1004,106,141,0.98
2005,NL,COL,67,740,5542,1477,0.266510285,280,34,150,509,1103,65,32,64,34,862,808,5.13,4,4,37,4256,1600,175,604,981,118,158,0.98
2006,AL,MIN,96,801,5602,1608,0.287040343,275,34,143,490,872,101,42,50,55,683,632,3.95,1,6,40,4318,1490,182,356,1164,84,135,0.98
2006,AL,DET,95,822,5642,1548,0.27437079,294,40,203,430,1133,60,40,45,36,675,618,3.84,3,16,46,4344,1420,160,489,1003,106,162,0.98
2006,AL,CHA,90,868,5657,1586,0.280360615,291,20,236,502,1056,93,48,58,57,794,743,4.61,5,11,46,4347,1534,200,433,1012,90,145,0.98
2006,AL,CLE,78,870,5619,1576,0.280476953,351,27,196,556,1204,55,23,54,43,782,698,4.41,13,13,24,4270,1583,166,429,948,118,165,0.98
2006,AL,KCA,62,757,5589,1515,0.27106817,335,37,124,474,1040,65,34,64,48,971,896,5.65,3,5,35,4279,1648,213,637,904,98,189,0.98
2006,AL,NYA,97,930,5651,1608,0.284551407,327,21,210,649,1053,139,35,72,49,767,708,4.41,5,8,43,4331,1463,170,496,1019,104,145,0.98
2006,AL,TOR,87,809,5596,1591,0.284310222,348,27,199,514,906,65,33,63,52,754,694,4.37,6,6,42,4285,1447,185,504,1076,99,157,0.98
2006,AL,BOS,86,820,5619,1510,0.268731091,327,16,192,672,1056,51,23,66,56,825,773,4.83,3,6,46,4324,1570,181,509,1070,66,174,0.98
2006,AL,BAL,70,768,5610,1556,0.277361854,288,20,164,474,878,121,32,73,41,899,843,5.35,5,9,35,4257,1579,216,613,1016,102,156,0.98
2006,AL,TBA,61,689,5474,1395,0.254841067,267,33,190,441,1106,134,52,47,43,856,782,4.96,3,7,33,4261,1600,180,606,979,116,156,0.98
2006,AL,OAK,93,771,5500,1429,0.259818182,266,22,175,650,976,61,20,50,56,727,679,4.21,5,11,54,4355,1525,162,529,1003,84,173,0.98
2006,AL,LAA,89,766,5609,1539,0.27438046,309,29,159,486,914,148,57,42,53,732,652,4.04,5,12,50,4358,1410,158,471,1164,124,154,0.97
2006,AL,TEX,80,835,5659,1571,0.277610885,357,23,183,505,1061,53,24,40,50,784,731,4.6,3,8,42,4294,1558,162,496,972,98,174,0.98
2006,AL,SEA,78,756,5670,1540,0.271604938,266,42,172,404,974,106,37,63,38,792,739,4.6,6,6,47,4340,1500,183,560,1067,88,150,0.98
2006,NL,SLN,83,781,5522,1484,0.268743209,292,27,184,531,922,59,32,61,40,762,721,4.54,6,9,38,4289,1475,193,504,970,98,170,0.98
2006,NL,HOU,82,735,5521,1407,0.254845137,275,27,174,585,1076,79,36,73,46,719,666,4.08,5,12,42,4406,1425,182,480,1160,80,164,0.98
2006,NL,CIN,80,749,5515,1419,0.257298277,291,12,217,614,1192,124,33,59,38,801,725,4.51,9,10,36,4337,1576,213,464,1053,128,139,0.97
2006,NL,MIL,75,730,5433,1400,0.257684521,301,20,180,502,1233,71,37,82,53,833,763,4.82,7,8,43,4277,1454,177,514,1145,117,126,0.98
2006,NL,PIT,67,691,5558,1462,0.263044261,286,17,141,459,1200,68,23,89,49,797,720,4.52,2,10,39,4305,1545,156,620,1060,104,168,0.98
2006,NL,CHN,66,716,5587,1496,0.267764453,271,46,166,395,928,121,49,43,37,834,758,4.74,2,7,29,4317,1396,210,687,1250,106,122,0.98
2006,NL,NYN,97,834,5558,1469,0.264303706,323,41,200,547,1071,146,35,62,47,731,673,4.14,5,12,43,4384,1402,180,527,1161,104,131,0.98
2006,NL,PHI,85,865,5687,1518,0.266924565,294,41,216,626,1203,92,25,95,44,812,747,4.6,4,6,42,4381,1561,211,512,1138,104,153,0.98
2006,NL,ATL,79,849,5583,1510,0.270463908,312,26,222,526,1169,52,35,52,44,805,736,4.6,6,6,38,4324,1529,183,572,1049,99,146,0.98
2006,NL,FLO,78,758,5502,1454,0.264267539,309,42,182,497,1249,110,58,74,42,772,696,4.37,6,6,41,4300,1465,166,622,1088,126,166,0.97
2006,NL,WAS,71,746,5495,1437,0.261510464,322,22,164,594,1156,123,62,69,49,872,803,5.03,1,3,32,4309,1535,193,584,960,131,123,0.97
2006,NL,SDN,88,731,5576,1465,0.262733142,298,38,161,564,1104,123,31,40,47,679,629,3.87,4,11,50,4391,1385,176,468,1097,92,138,0.98
2006,NL,LAN,88,820,5628,1552,0.275764037,307,58,153,601,959,128,49,51,48,751,686,4.23,1,10,40,4381,1524,152,492,1068,115,174,0.98
2006,NL,SFN,76,746,5472,1418,0.259137427,297,52,163,494,891,58,25,53,37,790,735,4.63,7,9,37,4289,1422,153,584,992,91,132,0.98
2006,NL,ARI,76,773,5645,1506,0.266784765,331,38,160,504,965,76,30,67,53,788,727,4.48,8,9,34,4379,1503,168,536,1115,104,172,0.98
2006,NL,COL,76,813,5562,1504,0.270406329,325,54,157,561,1108,85,50,60,45,812,749,4.66,5,8,34,4342,1549,155,553,952,91,190,0.98
2007,AL,CLE,96,811,5604,1504,0.268379729,305,27,178,590,1202,72,41,80,59,704,658,4.05,9,9,49,4388,1519,146,410,1047,92,166,0.98
2007,AL,DET,88,887,5757,1652,0.286955011,352,50,177,474,1054,103,30,56,45,797,735,4.57,1,9,44,4342,1498,174,566,1047,99,147,0.98
2007,AL,MIN,79,718,5522,1460,0.264396958,273,36,118,512,839,112,30,48,45,725,663,4.15,5,8,38,4310,1505,185,420,1094,95,149,0.98
2007,AL,CHA,72,693,5441,1341,0.246462047,249,20,190,532,1149,78,45,52,35,839,763,4.77,9,9,42,4322,1556,174,499,1015,108,166,0.98
2007,AL,KCA,69,706,5534,1447,0.261474521,300,46,102,428,1069,78,44,89,47,778,716,4.48,2,6,36,4312,1547,168,520,993,106,159,0.98
2007,AL,BOS,96,867,5589,1561,0.279298622,352,35,166,689,1042,96,24,64,54,657,618,3.87,5,13,45,4316,1350,151,482,1149,81,145,0.98
2007,AL,NYA,94,968,5717,1656,0.28966241,326,32,201,637,991,123,40,78,54,777,724,4.49,1,5,34,4352,1498,150,578,1009,88,173,0.98
2007,AL,TOR,83,753,5536,1434,0.259031792,344,24,165,533,1044,57,22,47,48,699,644,4,11,9,44,4346,1383,157,479,1067,102,160,0.98
2007,AL,BAL,69,756,5631,1529,0.271532587,306,30,142,500,939,144,42,47,47,868,827,5.17,4,9,30,4316,1491,161,696,1087,79,155,0.98
2007,AL,TBA,66,782,5593,1500,0.268192383,291,36,187,545,1324,131,48,53,52,944,879,5.53,2,2,28,4289,1649,199,568,1194,117,155,0.98
2007,AL,LAA,94,822,5554,1578,0.284119553,324,23,123,507,883,139,55,40,65,731,674,4.23,5,9,43,4305,1480,151,477,1156,101,154,0.98
2007,AL,SEA,88,794,5684,1629,0.286593948,284,22,153,389,861,81,30,62,40,813,754,4.73,6,12,43,4303,1578,147,546,1020,90,167,0.98
2007,AL,OAK,76,741,5577,1430,0.256410256,295,16,171,664,1119,52,20,49,56,758,689,4.28,4,9,36,4344,1468,138,530,1036,90,151,0.98
2007,AL,TEX,75,816,5555,1460,0.262826283,298,36,179,503,1224,88,25,56,42,844,755,4.75,0,6,42,4290,1525,155,668,976,124,178,0.98
2007,NL,CHN,85,752,5643,1530,0.271132376,340,28,151,500,1054,86,33,40,37,690,650,4.04,2,10,39,4340,1340,165,573,1211,94,134,0.98
2007,NL,MIL,83,801,5554,1455,0.261973353,310,37,231,501,1137,96,32,76,47,776,708,4.41,3,6,49,4333,1513,161,507,1174,109,143,0.98
2007,NL,SLN,78,725,5529,1513,0.273648038,279,13,141,506,909,56,33,54,54,829,741,4.65,2,8,34,4307,1514,168,509,945,121,155,0.98
2007,NL,HOU,73,723,5605,1457,0.259946476,293,30,167,547,1043,65,33,55,40,813,761,4.68,2,6,38,4394,1566,206,510,1109,103,128,0.98
2007,NL,CIN,72,783,5607,1496,0.266809345,293,23,204,536,1113,97,31,66,46,853,796,4.94,6,7,34,4349,1605,198,482,1068,95,153,0.98
2007,NL,PIT,68,724,5569,1463,0.262704256,322,31,148,463,1135,68,30,71,51,846,793,4.93,4,5,32,4343,1627,174,518,997,83,189,0.98
2007,NL,PHI,89,892,5688,1558,0.273909986,326,41,213,641,1205,138,19,90,52,821,767,4.73,5,5,42,4375,1555,198,558,1050,89,164,0.98
2007,NL,NYN,88,804,5605,1543,0.27528992,294,27,177,549,981,200,46,54,58,750,687,4.26,2,10,39,4357,1415,165,570,1134,101,124,0.98
2007,NL,ATL,84,810,5689,1562,0.27456495,328,27,176,534,1149,64,30,49,47,733,665,4.11,1,6,36,4369,1442,172,537,1106,107,140,0.98
2007,NL,WAS,73,673,5520,1415,0.25634058,309,31,123,524,1128,69,23,53,41,783,736,4.58,0,6,46,4340,1502,187,580,931,109,151,0.98
2007,NL,FLO,71,790,5627,1504,0.267282744,340,38,201,521,1332,105,34,82,42,891,793,4.94,0,4,40,4331,1617,176,661,1142,137,159,0.97
2007,NL,ARI,90,712,5398,1350,0.250092627,286,40,171,532,1111,109,24,57,58,732,662,4.13,7,12,51,4323,1446,169,546,1088,106,157,0.98
2007,NL,COL,90,860,5691,1591,0.279564224,313,36,171,622,1152,100,31,58,44,758,706,4.32,4,7,39,4416,1497,164,504,967,68,179,0.98
2007,NL,SDN,89,741,5612,1408,0.250890948,322,31,171,557,1229,55,24,49,44,666,611,3.7,1,20,45,4454,1406,119,474,1136,92,147,0.98
2007,NL,LAN,82,735,5613,1544,0.275075717,276,35,129,511,864,137,50,41,55,727,677,4.2,4,6,43,4350,1443,146,518,1184,114,160,0.98
2007,NL,SFN,71,683,5538,1407,0.254062839,267,37,131,532,907,119,33,39,36,720,677,4.19,5,10,37,4361,1442,133,593,1057,88,146,0.98
2008,AL,CHA,89,811,5553,1458,0.262560778,296,13,235,540,1016,67,34,63,47,729,658,4.11,4,10,34,4373,1471,156,460,1147,108,154,0.98
2008,AL,MIN,88,829,5641,1572,0.278673994,298,49,111,529,979,102,42,36,72,745,675,4.18,5,10,42,4377,1568,183,406,995,108,168,0.98
2008,AL,CLE,81,805,5543,1455,0.262493235,339,22,171,560,1213,77,29,103,49,761,711,4.46,10,13,31,4311,1530,170,444,986,94,183,0.98
2008,AL,KCA,75,691,5608,1507,0.268723252,303,28,120,392,1005,79,38,50,36,781,720,4.5,2,8,44,4337,1473,159,515,1085,96,159,0.98
2008,AL,DET,74,821,5641,1529,0.271051232,293,41,200,572,1076,63,31,44,44,857,786,4.91,1,2,34,4335,1541,172,644,991,113,172,0.98
2008,AL,TBA,97,774,5541,1443,0.260422306,284,37,180,626,1224,142,50,68,52,671,618,3.82,7,12,52,4373,1349,166,526,1143,90,153,0.98
2008,AL,BOS,95,845,5596,1565,0.279664046,353,33,173,646,1068,120,35,70,62,694,645,4.01,5,16,47,4339,1369,147,548,1185,85,147,0.98
2008,AL,NYA,89,789,5572,1512,0.271356784,289,20,180,535,1015,118,39,80,39,727,685,4.28,1,11,42,4325,1478,143,489,1141,83,141,0.98
2008,AL,TOR,86,714,5503,1453,0.264037798,303,32,126,521,938,80,27,59,56,610,561,3.49,15,13,44,4340,1330,134,467,1184,84,137,0.98
2008,AL,BAL,68,782,5559,1486,0.267314265,322,30,172,533,990,81,37,42,48,869,810,5.15,4,4,35,4266,1538,184,687,922,100,163,0.98
2008,AL,LAA,100,765,5540,1486,0.268231047,274,25,159,481,987,129,48,52,50,697,644,4,7,10,66,4354,1455,160,457,1106,91,159,0.98
2008,AL,TEX,79,901,5728,1619,0.282646648,376,35,194,595,1207,81,25,63,54,967,860,5.37,6,8,36,4326,1647,176,625,963,132,191,0.97
2008,AL,OAK,75,646,5451,1318,0.241790497,270,23,125,574,1226,88,21,48,35,690,640,4.01,4,7,33,4305,1364,135,576,1061,98,169,0.98
2008,AL,SEA,61,671,5643,1498,0.265461634,285,20,124,417,890,90,32,38,42,811,754,4.73,4,4,36,4306,1544,161,626,1016,99,159,0.98
2008,NL,CHN,97,855,5588,1552,0.27773801,329,21,184,636,1186,87,34,50,45,671,624,3.87,2,8,44,4352,1329,160,548,1264,99,118,0.98
2008,NL,MIL,90,750,5535,1398,0.252574526,324,35,198,550,1203,108,38,69,43,689,623,3.87,12,10,45,4367,1415,175,528,1110,101,160,0.98
2008,NL,HOU,86,712,5451,1432,0.262704091,284,22,167,449,1051,114,52,52,41,743,691,4.39,4,13,48,4276,1453,197,492,1095,67,141,0.98
2008,NL,SLN,86,779,5636,1585,0.281227821,283,26,174,577,985,73,32,42,44,725,677,4.2,2,7,42,4362,1517,163,496,957,85,156,0.98
2008,NL,CIN,74,704,5465,1351,0.247209515,269,24,187,560,1125,85,47,50,41,800,729,4.55,2,6,34,4327,1542,201,557,1227,114,155,0.98
2008,NL,PIT,67,735,5628,1454,0.258351102,314,21,153,474,1039,57,19,59,51,884,822,5.1,3,7,34,4365,1631,176,657,963,107,178,0.98
2008,NL,PHI,92,799,5509,1407,0.255400254,291,36,214,586,1117,136,25,67,40,680,625,3.89,4,11,47,4349,1444,160,533,1081,90,142,0.98
2008,NL,NYN,89,799,5606,1491,0.265965037,274,38,172,619,1024,138,36,39,49,715,662,4.07,5,12,43,4393,1415,163,590,1181,83,125,0.98
2008,NL,FLO,84,770,5499,1397,0.25404619,302,28,208,543,1371,76,28,69,46,767,707,4.44,2,8,36,4306,1421,161,586,1127,117,122,0.98
2008,NL,ATL,72,753,5604,1514,0.270164168,316,33,130,618,1023,58,27,42,34,778,714,4.47,2,7,26,4322,1439,156,586,1076,107,149,0.98
2008,NL,WAS,59,641,5491,1376,0.250591878,269,26,117,534,1095,81,43,67,36,825,742,4.66,2,8,28,4302,1496,190,588,1063,123,141,0.98
2008,NL,LAN,84,700,5506,1455,0.264257174,271,29,137,543,1032,126,43,43,38,648,591,3.68,5,11,35,4342,1381,123,480,1205,101,137,0.98
2008,NL,ARI,82,720,5409,1355,0.250508412,318,47,159,587,1287,58,23,49,43,706,635,3.99,6,9,39,4304,1403,147,451,1229,113,136,0.98
2008,NL,COL,74,747,5557,1462,0.263091596,310,28,160,570,1209,141,37,57,38,822,766,4.77,3,8,36,4338,1547,148,562,1041,96,176,0.98
2008,NL,SFN,72,640,5543,1452,0.261952012,311,37,94,452,1044,108,46,48,44,759,701,4.38,4,12,41,4326,1416,147,652,1240,96,130,0.98
2008,NL,SDN,63,637,5568,1390,0.249640805,264,27,154,518,1259,36,17,53,46,764,714,4.41,3,6,30,4375,1466,165,561,1100,85,148,0.98
2009,AL,MIN,87,817,5608,1539,0.274429387,271,40,172,585,1021,85,32,45,57,765,726,4.5,4,7,48,4359,1542,185,466,1052,89,133,0.98
2009,AL,DET,86,743,5540,1443,0.260469314,245,35,183,540,1114,72,33,61,39,745,690,4.34,4,9,42,4341,1449,182,594,1102,106,164,0.98
2009,AL,CHA,79,724,5463,1410,0.258099945,246,20,184,534,1022,113,49,62,39,732,663,4.16,4,11,36,4319,1438,169,507,1119,128,156,0.98
2009,AL,CLE,65,773,5568,1468,0.263649425,314,28,161,582,1211,84,31,81,50,865,806,5.07,5,6,25,4302,1570,183,598,986,114,169,0.98
2009,AL,KCA,65,686,5532,1432,0.258857556,276,51,144,457,1091,88,29,42,32,842,765,4.83,10,9,34,4278,1486,166,600,1153,127,159,0.98
2009,AL,NYA,103,915,5660,1604,0.283392226,325,21,244,663,1014,111,28,54,39,753,687,4.28,3,8,51,4350,1386,181,574,1260,101,131,0.98
2009,AL,BOS,95,872,5543,1495,0.269709544,335,25,212,659,1120,126,39,70,51,736,695,4.35,8,11,41,4310,1494,167,530,1230,92,119,0.98
2009,AL,TBA,84,803,5462,1434,0.262541194,297,36,199,642,1229,194,61,49,45,754,686,4.36,3,5,41,4282,1421,183,515,1125,111,135,0.98
2009,AL,TOR,75,798,5696,1516,0.266151685,339,13,209,548,1028,73,23,45,49,771,720,4.47,10,10,25,4353,1509,181,551,1181,88,167,0.98
2009,AL,BAL,64,741,5618,1508,0.268422926,307,19,160,517,1013,76,37,39,46,876,817,5.16,2,3,31,4287,1633,218,546,933,108,151,0.98
2009,AL,LAA,97,883,5622,1604,0.28530772,293,33,173,547,1054,148,63,41,52,761,715,4.45,9,13,51,4335,1513,180,523,1062,99,174,0.98
2009,AL,TEX,87,784,5526,1436,0.259862468,296,27,224,472,1253,149,36,37,51,740,698,4.38,8,11,45,4304,1432,171,531,1016,120,166,0.98
2009,AL,SEA,85,640,5543,1430,0.257983042,280,19,160,421,1093,89,33,49,44,692,625,3.87,4,10,49,4358,1359,172,534,1043,120,150,0.98
2009,AL,OAK,75,759,5584,1464,0.26217765,307,21,135,527,1046,133,48,50,54,761,685,4.29,2,10,38,4342,1486,156,523,1124,121,153,0.98
2009,NL,SLN,91,730,5465,1436,0.262763038,294,29,160,528,1041,75,31,61,43,640,586,3.66,8,11,43,4322,1407,123,460,1049,113,167,0.98
2009,NL,CHN,83,707,5486,1398,0.254830478,293,29,161,592,1185,56,34,59,42,672,616,3.84,3,8,40,4336,1329,160,586,1272,127,144,0.98
2009,NL,MIL,80,785,5510,1447,0.26261343,281,37,182,610,1231,68,37,71,47,818,770,4.84,1,8,44,4305,1498,207,607,1104,111,150,0.98
2009,NL,CIN,78,673,5462,1349,0.246979129,280,25,158,531,1129,96,40,53,41,723,677,4.18,6,12,41,4375,1420,188,577,1069,104,161,0.98
2009,NL,HOU,74,643,5436,1415,0.260301692,270,32,142,448,990,113,44,43,45,770,722,4.54,5,10,39,4290,1521,176,546,1144,88,161,0.98
2009,NL,PIT,62,636,5417,1364,0.251799889,289,34,125,499,1142,90,32,46,36,768,723,4.59,5,7,28,4255,1491,152,563,919,80,169,0.98
2009,NL,PHI,93,820,5578,1439,0.25797777,312,35,224,589,1155,119,28,71,45,709,673,4.16,8,9,44,4367,1479,189,489,1153,86,132,0.98
2009,NL,FLO,87,772,5572,1493,0.267946877,296,25,159,568,1226,75,35,63,39,766,690,4.32,5,5,45,4339,1425,160,601,1248,118,129,0.98
2009,NL,ATL,86,735,5539,1459,0.263404947,300,20,149,602,1064,58,26,52,47,641,581,3.57,3,10,38,4388,1399,119,530,1232,107,158,0.98
2009,NL,NYN,70,671,5453,1472,0.269943151,295,49,95,526,928,122,44,36,55,757,705,4.46,3,12,39,4278,1452,158,616,1031,108,134,0.98
2009,NL,WAS,59,710,5493,1416,0.257782632,271,38,156,617,1208,73,40,56,42,874,791,5.02,6,3,33,4273,1533,173,629,911,170,154,0.97
2009,NL,LAN,95,780,5592,1511,0.270207439,278,39,145,607,1068,116,48,63,44,611,558,3.41,1,9,44,4420,1265,127,584,1272,97,134,0.98
2009,NL,COL,92,804,5398,1408,0.260837347,300,50,190,660,1277,106,55,47,60,715,675,4.24,5,7,45,4315,1427,141,528,1154,103,144,0.98
2009,NL,SFN,88,657,5493,1411,0.256872383,275,43,122,392,1158,78,28,50,55,611,571,3.55,11,18,41,4338,1268,140,584,1302,99,138,0.98
2009,NL,SDN,75,638,5425,1315,0.242396313,265,31,141,586,1182,82,29,57,36,769,704,4.37,2,9,45,4352,1422,167,603,1187,109,144,0.98
2009,NL,ARI,70,720,5565,1408,0.253009883,307,45,173,571,1298,102,40,37,41,782,711,4.44,4,12,36,4343,1470,168,525,1158,151,132,0.97
2010,AL,MIN,94,781,5568,1521,0.273168103,318,41,142,559,967,68,28,39,53,671,638,3.95,9,13,40,4358,1493,155,383,1048,94,149,0.98
2010,AL,CHA,88,752,5484,1467,0.26750547,263,21,177,467,922,160,74,79,38,704,658,4.09,6,11,43,4339,1471,136,490,1149,120,157,0.98
2010,AL,DET,81,751,5643,1515,0.268474216,308,32,152,546,1147,69,30,41,41,743,690,4.3,6,5,32,4333,1445,142,537,1056,136,171,0.98
2010,AL,CLE,69,646,5487,1362,0.248223073,290,20,128,545,1184,91,33,64,33,752,684,4.3,10,4,34,4299,1477,147,572,967,126,179,0.98
2010,AL,KCA,67,676,5604,1534,0.273733048,279,31,121,471,905,115,50,35,53,845,794,4.97,7,3,44,4310,1553,176,551,1035,138,138,0.98
2010,AL,TBA,96,802,5439,1343,0.24692039,295,37,160,672,1292,172,47,57,57,649,611,3.78,6,12,51,4361,1347,175,478,1189,95,134,0.98
2010,AL,NYA,95,859,5567,1485,0.266750494,275,32,201,662,1136,103,30,73,44,693,651,4.06,3,8,39,4327,1349,179,540,1154,79,161,0.98
2010,AL,BOS,89,818,5646,1511,0.267623096,358,22,211,587,1140,68,17,47,46,744,679,4.2,3,9,44,4370,1402,152,580,1207,127,132,0.98
2010,AL,TOR,85,755,5495,1364,0.24822566,319,21,257,471,1164,58,20,55,34,728,676,4.23,5,11,45,4322,1407,150,539,1184,102,172,0.98
2010,AL,BAL,66,613,5554,1440,0.259272596,264,21,133,424,1056,76,34,54,45,785,733,4.59,3,7,35,4309,1508,186,520,1007,123,141,0.98
2010,AL,TEX,90,787,5635,1556,0.276131322,268,25,162,511,986,123,48,45,54,687,636,3.93,7,8,46,4366,1355,162,551,1181,123,132,0.98
2010,AL,OAK,81,663,5448,1396,0.256240822,276,30,109,527,1061,156,38,47,51,626,566,3.58,7,17,38,4295,1315,153,512,1070,110,146,0.98
2010,AL,LAA,80,681,5488,1363,0.248360058,276,19,155,466,1070,104,52,52,37,702,651,4.04,10,9,39,4348,1422,148,565,1130,131,116,0.98
2010,AL,SEA,61,513,5409,1274,0.23553337,227,16,101,459,1184,142,39,39,40,698,628,3.95,11,10,38,4314,1402,157,452,973,122,146,0.98
2010,NL,CIN,91,790,5579,1515,0.271554042,293,30,188,522,1218,93,43,68,50,685,648,4.02,4,9,43,4359,1404,158,524,1130,86,140,0.98
2010,NL,SLN,86,736,5542,1456,0.262721039,285,18,150,541,1027,79,41,50,40,641,577,3.57,7,16,32,4361,1412,133,477,1094,109,170,0.98
2010,NL,MIL,77,750,5606,1471,0.262397431,293,33,182,546,1216,81,26,81,35,804,733,4.59,3,7,35,4317,1487,173,582,1258,115,141,0.98
2010,NL,HOU,76,611,5452,1348,0.247248716,252,25,108,415,1025,100,36,33,29,729,654,4.09,4,11,45,4318,1446,140,548,1210,118,135,0.98
2010,NL,CHN,75,685,5512,1414,0.256531205,298,27,149,479,1236,55,31,50,38,767,668,4.24,1,14,40,4310,1409,154,605,1268,144,135,0.98
2010,NL,PIT,57,587,5386,1303,0.241923505,276,27,126,463,1207,87,36,33,33,866,784,5,1,6,31,4235,1567,167,538,1026,142,119,0.98
2010,NL,PHI,97,772,5581,1451,0.259989249,290,34,166,560,1064,108,21,63,43,640,594,3.68,14,21,40,4369,1402,168,416,1183,93,156,0.98
2010,NL,ATL,91,738,5463,1411,0.258282995,312,25,139,634,1140,63,29,51,35,629,569,3.57,2,9,41,4318,1326,126,505,1241,145,165,0.98
2010,NL,FLO,80,719,5531,1403,0.253661182,294,37,152,514,1375,92,26,55,43,717,652,4.09,5,17,39,4315,1433,134,549,1168,141,130,0.98
2010,NL,NYN,79,656,5465,1361,0.249039341,266,40,128,502,1095,130,44,46,57,652,597,3.73,8,19,36,4359,1438,135,545,1106,96,160,0.98
2010,NL,WAS,69,655,5418,1355,0.250092285,250,31,149,503,1220,110,41,60,47,742,658,4.13,2,5,37,4305,1469,151,512,1068,142,146,0.98
2010,NL,SFN,92,697,5488,1411,0.257106414,284,30,162,487,1099,55,32,50,41,583,546,3.36,6,17,57,4383,1279,134,578,1331,80,110,0.98
2010,NL,SDN,90,665,5434,1338,0.246227457,236,24,132,538,1183,124,50,50,46,581,549,3.41,2,20,49,4369,1305,139,517,1295,85,142,0.98
2010,NL,COL,83,770,5530,1452,0.262567812,270,54,173,585,1274,99,42,47,47,717,663,4.14,6,12,35,4326,1405,139,525,1234,113,182,0.98
2010,NL,LAN,80,667,5426,1368,0.252119425,270,29,120,533,1184,92,50,46,50,692,643,4.01,4,16,41,4325,1323,134,539,1274,114,122,0.98
2010,NL,ARI,65,713,5473,1366,0.249588891,301,34,180,589,1529,86,41,39,41,836,765,4.81,3,3,35,4296,1503,210,548,1070,121,152,0.98
2011,AL,DET,95,787,5563,1540,0.276829049,297,34,169,521,1143,49,20,39,58,711,647,4.04,4,14,52,4320,1406,149,492,1115,103,146,0.98
2011,AL,CLE,80,704,5509,1380,0.250499183,290,26,154,494,1269,89,42,65,43,760,683,4.24,2,4,38,4360,1482,153,463,1024,110,131,0.98
2011,AL,CHA,79,654,5502,1387,0.252090149,252,16,154,475,989,81,53,84,46,706,665,4.1,6,14,42,4380,1463,147,439,1220,79,128,0.99
2011,AL,KCA,71,730,5672,1560,0.275035261,325,41,129,442,1006,153,58,39,57,762,716,4.45,2,6,37,4354,1487,163,557,1080,95,149,0.99
2011,AL,MIN,63,619,5487,1357,0.247311828,259,25,103,440,1048,92,39,37,25,804,724,4.6,7,8,32,4265,1564,161,480,940,119,153,0.98
2011,AL,NYA,97,867,5518,1452,0.263138818,267,33,222,627,1138,147,46,74,51,657,605,3.73,5,8,47,4375,1423,152,507,1222,102,140,0.98
2011,AL,TBA,91,707,5436,1324,0.243561442,273,37,172,571,1193,155,62,73,35,614,577,3.58,15,13,32,4347,1263,161,504,1143,73,139,0.99
2011,AL,BOS,90,875,5710,1600,0.280210158,352,35,203,578,1108,102,42,50,50,737,680,4.2,2,13,36,4372,1366,156,540,1213,92,120,0.99
2011,AL,TOR,81,743,5559,1384,0.248965641,285,34,186,525,1184,131,52,48,47,761,700,4.33,7,10,33,4376,1433,179,540,1169,110,146,0.98
2011,AL,BAL,69,708,5585,1434,0.256759176,273,13,191,452,1120,81,25,52,43,860,786,4.92,3,7,32,4340,1568,210,535,1044,110,159,0.98
2011,AL,TEX,96,855,5659,1599,0.282558756,310,32,210,475,930,143,45,39,49,677,607,3.79,10,19,38,4324,1327,170,461,1179,114,162,0.98
2011,AL,LAA,86,667,5513,1394,0.252856884,289,34,155,442,1086,135,52,51,32,633,581,3.57,12,11,39,4395,1388,142,476,1058,93,157,0.99
2011,AL,OAK,74,645,5452,1330,0.243947175,280,29,114,509,1094,117,43,50,57,679,597,3.71,6,12,39,4343,1380,136,519,1160,124,145,0.98
2011,AL,SEA,67,556,5421,1263,0.232982844,253,22,109,435,1280,125,40,37,41,675,621,3.91,12,10,39,4299,1369,145,436,1088,108,152,0.98
2011,NL,MIL,96,721,5447,1422,0.261061135,276,31,185,481,1083,94,31,56,44,638,582,3.64,1,13,47,4325,1348,147,440,1257,111,131,0.98
2011,NL,SLN,90,762,5532,1513,0.273499638,308,22,162,542,978,57,39,44,40,692,608,3.79,7,9,47,4386,1461,136,448,1098,116,167,0.98
2011,NL,CIN,79,735,5612,1438,0.256236636,264,19,183,535,1250,97,50,63,40,720,678,4.16,4,5,39,4403,1414,185,539,1112,91,145,0.99
2011,NL,PIT,72,610,5421,1325,0.244419849,277,35,107,489,1308,108,52,34,44,712,650,4.05,5,11,43,4348,1513,152,535,1031,112,154,0.98
2011,NL,CHN,71,654,5549,1423,0.256442602,285,36,148,425,1202,69,23,59,35,756,690,4.34,4,5,40,4303,1439,162,580,1224,134,128,0.98
2011,NL,HOU,56,615,5598,1442,0.257591997,309,28,95,401,1164,118,33,46,37,796,719,4.51,2,6,25,4305,1477,188,560,1191,116,139,0.98
2011,NL,PHI,102,713,5579,1409,0.252554221,258,38,153,539,1024,96,24,56,38,529,495,3.02,18,21,47,4431,1320,120,404,1299,74,134,0.99
2011,NL,ATL,89,641,5528,1345,0.243306802,244,16,173,504,1260,77,44,28,30,605,572,3.49,3,16,52,4439,1332,125,521,1332,83,131,0.99
2011,NL,WAS,80,624,5441,1319,0.242418673,257,22,154,470,1323,106,38,65,32,643,577,3.58,3,10,49,4348,1403,129,477,1049,104,145,0.98
2011,NL,NYN,77,718,5600,1477,0.26375,309,39,108,571,1085,130,35,51,48,742,674,4.19,6,9,43,4344,1482,147,514,1126,116,125,0.98
2011,NL,FLO,72,625,5508,1358,0.246550472,274,30,149,542,1244,95,41,51,42,702,640,3.95,7,11,40,4379,1403,149,500,1218,93,126,0.99
2011,NL,ARI,94,731,5421,1357,0.250322819,293,37,172,531,1249,133,55,61,33,662,609,3.8,5,12,58,4330,1414,159,442,1058,90,130,0.99
2011,NL,SFN,86,570,5486,1327,0.241888443,282,24,121,448,1122,85,51,52,43,578,522,3.21,3,12,52,4404,1260,96,559,1316,104,127,0.98
2011,NL,LAN,82,644,5436,1395,0.256622517,237,28,117,498,1087,126,40,45,43,612,563,3.56,7,17,40,4296,1287,132,507,1265,85,121,0.99
2011,NL,COL,73,735,5544,1429,0.257756133,274,40,163,555,1201,118,42,57,44,774,713,4.44,5,7,41,4343,1471,176,522,1118,98,156,0.98
2011,NL,SDN,71,593,5417,1284,0.237031567,247,42,91,501,1320,170,44,48,47,611,551,3.43,0,10,44,4348,1324,125,521,1139,94,138,0.99
2012,AL,DET,88,726,5476,1467,0.267896275,279,39,163,511,1103,59,23,57,39,670,596,3.77,9,3,40,4292,1409,151,438,1318,99,127,0.98
2012,AL,CHA,85,748,5518,1409,0.25534614,228,29,211,461,1203,109,43,65,36,676,646,4.02,6,2,37,4337,1365,186,503,1246,70,154,0.99
2012,AL,KCA,72,676,5636,1492,0.264726757,295,37,131,404,1032,132,38,42,41,746,693,4.3,2,1,44,4354,1504,163,542,1177,113,169,0.98
2012,AL,CLE,68,667,5525,1385,0.250678733,266,24,136,555,1087,110,44,59,39,845,766,4.79,2,1,43,4326,1503,174,543,1086,96,156,0.98
2012,AL,MIN,66,701,5562,1448,0.260338008,270,30,131,505,1069,135,37,53,56,832,762,4.77,3,1,35,4316,1536,198,465,943,107,187,0.98
2012,AL,NYA,95,804,5524,1462,0.264663287,280,13,245,565,1176,93,27,62,49,668,618,3.86,6,2,51,4336,1401,190,431,1318,74,135,0.99
2012,AL,BAL,93,712,5560,1375,0.247302158,270,16,214,480,1315,58,29,50,30,705,642,3.9,1,1,55,4449,1433,184,481,1177,106,150,0.98
2012,AL,TBA,90,697,5398,1293,0.23953316,250,30,175,571,1323,134,44,58,42,577,518,3.19,7,4,50,4379,1233,139,469,1383,114,154,0.98
2012,AL,TOR,73,716,5487,1346,0.245307089,247,22,198,473,1251,123,41,55,45,784,745,4.64,5,4,29,4331,1439,204,574,1142,101,168,0.98
2012,AL,BOS,69,734,5604,1459,0.26034975,339,16,165,428,1197,97,31,45,55,806,754,4.72,6,2,35,4329,1449,190,529,1176,101,159,0.98
2012,AL,OAK,94,713,5527,1315,0.237922924,267,32,195,550,1387,122,32,45,34,614,569,3.5,1,0,47,4410,1360,147,462,1136,111,136,0.98
2012,AL,TEX,93,808,5590,1526,0.272987478,303,32,200,478,1103,91,44,57,53,707,639,4.02,7,2,43,4326,1378,175,446,1286,85,136,0.99
2012,AL,LAA,89,767,5536,1518,0.274205202,273,22,187,449,1113,134,33,47,41,699,640,4.02,6,5,38,4300,1339,186,483,1157,98,138,0.98
2012,AL,SEA,75,619,5494,1285,0.233891518,241,27,149,466,1259,104,35,30,35,651,608,3.76,8,6,43,4370,1359,166,449,1166,72,153,0.99
2012,NL,CIN,97,669,5477,1377,0.251415008,296,30,172,481,1266,87,27,47,37,588,540,3.34,9,2,56,4359,1356,152,427,1248,89,113,0.99
2012,NL,SLN,88,765,5622,1526,0.271433654,290,37,159,533,1192,91,37,53,49,648,603,3.71,4,2,42,4388,1420,134,436,1218,107,149,0.98
2012,NL,MIL,83,776,5557,1442,0.259492532,300,39,202,466,1240,158,39,90,35,733,682,4.22,0,0,44,4361,1458,169,525,1402,99,132,0.98
2012,NL,PIT,79,651,5412,1313,0.242609017,241,37,170,444,1354,73,52,51,45,674,615,3.91,2,1,45,4300,1357,153,490,1192,112,126,0.98
2012,NL,CHN,61,613,5411,1297,0.239696914,265,36,137,447,1235,94,45,43,24,759,708,4.51,1,0,28,4241,1399,175,573,1128,105,148,0.98
2012,NL,HOU,55,583,5407,1276,0.235990383,238,28,146,463,1365,105,46,58,30,794,721,4.57,3,2,31,4270,1493,173,540,1170,118,131,0.98
2012,NL,WAS,98,731,5615,1468,0.261442565,301,25,194,479,1325,105,35,41,36,594,543,3.34,3,1,51,4405,1296,129,497,1325,94,134,0.99
2012,NL,ATL,94,700,5425,1341,0.24718894,263,30,149,567,1289,101,32,34,46,600,549,3.42,5,4,47,4336,1310,145,464,1232,86,146,0.99
2012,NL,PHI,81,684,5544,1414,0.255050505,271,28,158,454,1094,116,23,63,39,680,618,3.86,5,4,42,4354,1387,178,409,1385,101,118,0.98
2012,NL,NYN,74,650,5450,1357,0.248990826,286,21,139,503,1250,79,38,42,30,709,651,4.09,7,5,36,4302,1368,161,488,1240,101,135,0.98
2012,NL,MIA,69,609,5437,1327,0.24406842,261,39,137,484,1228,149,41,35,40,724,655,4.1,5,3,38,4322,1448,133,495,1113,103,154,0.98
2012,NL,SFN,94,718,5558,1495,0.268981648,287,57,103,483,1097,118,39,29,61,649,593,3.68,5,4,53,4353,1361,142,489,1237,115,134,0.98
2012,NL,LAN,86,637,5438,1369,0.251746966,269,23,116,481,1156,104,44,52,38,597,538,3.35,2,2,40,4349,1277,122,539,1276,98,137,0.98
2012,NL,ARI,81,734,5462,1416,0.259245698,307,33,165,539,1266,93,51,41,45,688,626,3.94,4,2,39,4301,1432,155,417,1200,90,144,0.99
2012,NL,SDN,76,651,5422,1339,0.246956842,272,43,121,539,1238,155,46,54,34,710,640,4.01,4,3,43,4304,1356,162,539,1205,121,97,0.98
2012,NL,COL,64,758,5577,1526,0.273623812,306,52,166,450,1213,100,40,36,39,890,824,5.22,0,0,36,4266,1637,198,566,1144,122,138,0.98
2013,AL,DET,93,796,5735,1625,0.283347864,292,23,176,531,1073,35,20,43,47,624,587,3.61,3,1,39,4388,1369,128,462,1428,76,135,0.987
2013,AL,CLE,92,745,5465,1391,0.25452882,290,23,171,562,1283,117,36,51,56,662,611,3.82,3,3,38,4324,1359,147,554,1379,98,135,0.983
2013,AL,KCA,86,648,5549,1443,0.260046855,254,34,112,422,1048,153,32,42,42,601,555,3.45,5,2,52,4345,1366,155,469,1208,85,136,0.986
2013,AL,MIN,66,614,5564,1346,0.241912293,285,15,151,533,1430,52,33,52,32,788,733,4.55,1,1,40,4351,1591,168,458,985,81,178,0.987
2013,AL,CHA,63,598,5563,1385,0.248966385,237,19,148,411,1207,105,42,34,48,723,643,4,5,1,40,4365,1424,182,509,1249,121,153,0.98
2013,AL,BOS,97,853,5651,1566,0.277119094,363,29,178,581,1308,123,19,72,50,656,613,3.79,5,2,33,4362,1366,156,524,1294,80,140,0.987
2013,AL,TBA,92,700,5538,1421,0.256590827,296,23,165,589,1171,73,38,36,55,646,608,3.74,9,3,42,4392,1315,153,482,1310,59,147,0.99
2013,AL,BAL,85,745,5620,1460,0.259786477,298,14,212,416,1125,79,29,36,45,709,678,4.2,2,1,57,4359,1438,202,473,1169,54,165,0.991
2013,AL,NYA,85,650,5449,1321,0.242429804,247,24,144,466,1214,115,31,57,36,671,633,3.94,7,3,49,4342,1452,171,437,1233,69,138,0.988
2013,AL,TOR,74,712,5537,1398,0.252483294,273,24,185,510,1123,112,41,38,38,756,685,4.26,4,2,39,4356,1451,195,500,1208,111,144,0.982
2013,AL,OAK,96,767,5521,1403,0.25412063,301,25,186,573,1178,74,28,45,49,625,574,3.56,6,4,46,4356,1339,163,428,1183,97,112,0.983
2013,AL,TEX,91,730,5585,1465,0.262309758,262,23,176,462,1067,149,46,61,42,636,589,3.63,4,2,46,4390,1370,157,498,1309,86,146,0.986
2013,AL,LAA,78,733,5588,1476,0.264137437,270,39,164,523,1221,82,34,48,64,737,685,4.24,4,2,41,4373,1475,167,533,1200,112,135,0.981
2013,AL,SEA,71,624,5558,1318,0.23713566,249,17,188,529,1353,49,23,31,28,754,702,4.32,4,2,43,4395,1467,174,478,1297,88,149,0.986
2013,AL,HOU,51,610,5457,1307,0.239508888,266,16,148,426,1535,110,61,52,38,848,766,4.79,2,1,32,4320,1530,191,616,1084,125,166,0.979
2013,NL,SLN,97,783,5557,1494,0.268850099,322,20,125,481,1110,45,22,64,44,596,555,3.43,7,4,44,4379,1366,112,451,1254,75,177,0.988
2013,NL,PIT,94,634,5486,1345,0.245169522,273,35,161,469,1330,94,42,88,29,577,533,3.27,3,0,55,4412,1299,101,515,1261,106,154,0.984
2013,NL,CIN,90,698,5499,1370,0.249136207,274,20,155,585,1245,67,35,76,46,589,554,3.38,5,2,43,4421,1293,170,435,1296,76,130,0.988
2013,NL,MIL,74,640,5474,1381,0.252283522,238,43,157,407,1183,142,50,71,35,687,615,3.84,4,2,40,4328,1401,175,466,1125,114,153,0.981
2013,NL,CHN,66,602,5498,1307,0.237722808,297,18,172,439,1230,63,32,67,30,689,643,4,3,1,39,4344,1332,160,540,1184,100,128,0.983
2013,NL,ATL,96,688,5441,1354,0.248851314,247,21,181,542,1384,64,31,55,35,548,512,3.18,1,0,53,4351,1326,127,409,1232,85,140,0.986
2013,NL,WAS,86,656,5436,1365,0.251103753,259,27,161,464,1192,88,28,40,39,626,576,3.59,6,4,47,4337,1367,142,405,1236,107,145,0.982
2013,NL,NYN,74,619,5559,1318,0.237093002,263,32,130,512,1384,114,35,51,32,684,618,3.78,4,2,40,4430,1442,152,458,1209,93,127,0.985
2013,NL,PHI,73,610,5456,1355,0.24835044,255,32,140,417,1205,73,29,53,31,749,689,4.34,6,2,32,4309,1465,152,506,1199,97,141,0.984
2013,NL,MIA,62,513,5449,1257,0.230684529,219,31,95,432,1232,78,29,56,26,646,602,3.71,2,1,36,4380,1376,121,526,1177,88,144,0.986
2013,NL,LAN,92,649,5491,1447,0.263522127,281,17,138,476,1146,78,28,57,48,582,524,3.25,7,4,46,4351,1321,127,460,1292,109,160,0.982
2013,NL,ARI,81,685,5676,1468,0.25863284,302,31,130,519,1142,62,41,43,43,695,651,3.92,6,2,38,4485,1460,176,485,1218,75,134,0.988
2013,NL,SDN,76,618,5517,1349,0.244516948,246,26,146,467,1309,118,34,52,34,700,643,3.98,3,1,40,4365,1407,156,525,1171,83,140,0.986
2013,NL,SFN,76,629,5552,1446,0.260446686,280,35,107,469,1078,67,26,39,42,691,643,4,2,2,41,4342,1380,145,521,1256,107,126,0.982
2013,NL,COL,74,706,5599,1511,0.26986962,283,36,159,427,1204,112,32,26,35,760,708,4.44,1,0,35,4308,1545,136,517,1064,90,162,0.986
